title,A human lysosomal storage disorder toolkit for decoding proteome landscapes in cortical and dopaminergic-like induced neurons ,,,,,,,,,,,
citation,"A human lysosomal storage disorder toolkit for decoding proteome landscapes in cortical and dopaminergic-like induced neurons
Felix Kraus, Yuchen He, Yizhi Jiang, Delong Li, Yohannes A Ambaw, Federico M Gasparoli, Joao A Paulo, Tobias C Walther, Robert Farese Jr., Steven P Gygi, Florian Wilfling, J Wade Harper",,,,,,,,,,,
principal_investigator,"J. Wade Harper, wade_harper@hms.harvard.edu",,,,,,,,,,,
authors,"Felix Kraus, Yuchen He, Yizhi Jiang, Delong Li, Yohannes A. Ambaw, Federico M. Gasparoli, Joao A. Paulo, Tobias C. Walther, Robert V. Farese, Jr., Steven P. Gygi, Florian Wilfling and J. Wade Harper",,,,,,,,,,,
bioRvix,https://doi.org/10.1101/2025.10.08.681047,,,,,,,,,,,
zenodo,10.5281/zenodo.17296003,,,,,,,,,,,
license,We license this data under CC BY 4.0.,,,,,,,,,,,
,,,,,,,,,,,,
figure_panel,methodology_collection,method_name,instrument_info,code_file_1,code_file_2,code_module,code_info,dependencies,dataset,dataset_info,data_link,code_link
1B,Proteomics,nDIA-LFQ,"Thermo Fisher Orbitrap Astral, hrMS2",diff132_d50_nDIA.Rmd,,Module 2: Summarized Data & Subcellular Analysis,"nDIA-based quantification of whole-cell iN and iDA neurons at day 50. Performs pairwise KO vs Ctrl comparisons and neuron-type interaction effects. Integrates organelle annotations and correlates KO profiles by organelle enrichment. Generates cluster heatmaps, GO term enrichments, and cross-cell-type correlation plots.","SubCellAnnotation.csv; R: R (4.5.2); RStudio (Version 2026.01.1+403), bigstatsr, broom, Cairo, CalNetExploreR, car, circlize, ComplexHeatmap, ComplexUpset, corrplot, cowplot, data.table, devtools, dplyr, factoextra, fmsb, forcats, furrr, ggbiplot, ggdendro, ggdist, gghalves, gghighlight, ggplot2, ggpp, ggpmisc, ggpubr, ggraph, ggrepel, ggsci, ggsignif, ggVennDiagram, grid, gridExtra, igraph, irlba, limma, lintr, lubridate, magick, msstats, NatParksPalettes, org.Hs.eg.db, patchwork, pheatmap, plotly, plyr, png, purrr, qs, RColorBrewer, readr, reshape2, rlang, scales, signal, stringr, superheat, Ternary, tibble, tidyplots, tidyr, tidyverse, timecourse, topGO, umap, UpSetR, uwot, viridis, zoo",diff132,Whole-cell proteome of In vitro differentiated iN and iDA neurons d30 and d50 of control and LSD mutants.,https://massive.ucsd.edu/ProteoSAFe/static/massive.jsp;  MSV000099237,https://github.com/sauerkrausi/neuroLSD
1C,Proteomics,nDIA-LFQ,"Thermo Fisher Orbitrap Astral, hrMS2",diff132_d50_nDIA.Rmd,,Module 2: Summarized Data & Subcellular Analysis,"nDIA-based quantification of whole-cell iN and iDA neurons at day 50. Performs pairwise KO vs Ctrl comparisons and neuron-type interaction effects. Integrates organelle annotations and correlates KO profiles by organelle enrichment. Generates cluster heatmaps, GO term enrichments, and cross-cell-type correlation plots.","SubCellAnnotation.csv; R: R (4.5.2); RStudio (Version 2026.01.1+403), bigstatsr, broom, Cairo, CalNetExploreR, car, circlize, ComplexHeatmap, ComplexUpset, corrplot, cowplot, data.table, devtools, dplyr, factoextra, fmsb, forcats, furrr, ggbiplot, ggdendro, ggdist, gghalves, gghighlight, ggplot2, ggpp, ggpmisc, ggpubr, ggraph, ggrepel, ggsci, ggsignif, ggVennDiagram, grid, gridExtra, igraph, irlba, limma, lintr, lubridate, magick, msstats, NatParksPalettes, org.Hs.eg.db, patchwork, pheatmap, plotly, plyr, png, purrr, qs, RColorBrewer, readr, reshape2, rlang, scales, signal, stringr, superheat, Ternary, tibble, tidyplots, tidyr, tidyverse, timecourse, topGO, umap, UpSetR, uwot, viridis, zoo",diff132,Whole-cell proteome of In vitro differentiated iN and iDA neurons d30 and d50 of control and LSD mutants.,https://massive.ucsd.edu/ProteoSAFe/static/massive.jsp;  MSV000099237,https://github.com/sauerkrausi/neuroLSD
1D,Proteomics,nDIA-LFQ,"Thermo Fisher Orbitrap Astral, hrMS2",diff132_d50_nDIA.Rmd,,Module 7: Organelle Correlations Analysis,"nDIA-based quantification of whole-cell iN and iDA neurons at day 50. Performs pairwise KO vs Ctrl comparisons and neuron-type interaction effects. Integrates organelle annotations and correlates KO profiles by organelle enrichment. Generates cluster heatmaps, GO term enrichments, and cross-cell-type correlation plots.","SubCellAnnotation.csv; R: R (4.5.2); RStudio (Version 2026.01.1+403), bigstatsr, broom, Cairo, CalNetExploreR, car, circlize, ComplexHeatmap, ComplexUpset, corrplot, cowplot, data.table, devtools, dplyr, factoextra, fmsb, forcats, furrr, ggbiplot, ggdendro, ggdist, gghalves, gghighlight, ggplot2, ggpp, ggpmisc, ggpubr, ggraph, ggrepel, ggsci, ggsignif, ggVennDiagram, grid, gridExtra, igraph, irlba, limma, lintr, lubridate, magick, msstats, NatParksPalettes, org.Hs.eg.db, patchwork, pheatmap, plotly, plyr, png, purrr, qs, RColorBrewer, readr, reshape2, rlang, scales, signal, stringr, superheat, Ternary, tibble, tidyplots, tidyr, tidyverse, timecourse, topGO, umap, UpSetR, uwot, viridis, zoo",diff132,Whole-cell proteome of In vitro differentiated iN and iDA neurons d30 and d50 of control and LSD mutants.,https://massive.ucsd.edu/ProteoSAFe/static/massive.jsp;  MSV000099237,https://github.com/sauerkrausi/neuroLSD
1E,Proteomics,nDIA-LFQ,"Thermo Fisher Orbitrap Astral, hrMS2",diff132_d50_nDIA.Rmd,,Module 7: Organelle Correlations Analysis,"nDIA-based quantification of whole-cell iN and iDA neurons at day 50. Performs pairwise KO vs Ctrl comparisons and neuron-type interaction effects. Integrates organelle annotations and correlates KO profiles by organelle enrichment. Generates cluster heatmaps, GO term enrichments, and cross-cell-type correlation plots.","SubCellAnnotation.csv; R: R (4.5.2); RStudio (Version 2026.01.1+403), bigstatsr, broom, Cairo, CalNetExploreR, car, circlize, ComplexHeatmap, ComplexUpset, corrplot, cowplot, data.table, devtools, dplyr, factoextra, fmsb, forcats, furrr, ggbiplot, ggdendro, ggdist, gghalves, gghighlight, ggplot2, ggpp, ggpmisc, ggpubr, ggraph, ggrepel, ggsci, ggsignif, ggVennDiagram, grid, gridExtra, igraph, irlba, limma, lintr, lubridate, magick, msstats, NatParksPalettes, org.Hs.eg.db, patchwork, pheatmap, plotly, plyr, png, purrr, qs, RColorBrewer, readr, reshape2, rlang, scales, signal, stringr, superheat, Ternary, tibble, tidyplots, tidyr, tidyverse, timecourse, topGO, umap, UpSetR, uwot, viridis, zoo",diff132,Whole-cell proteome of In vitro differentiated iN and iDA neurons d30 and d50 of control and LSD mutants.,https://massive.ucsd.edu/ProteoSAFe/static/massive.jsp;  MSV000099237,https://github.com/sauerkrausi/neuroLSD
1F,Proteomics,nDIA-LFQ,"Thermo Fisher Orbitrap Astral, hrMS2",diff132_d50_nDIA.Rmd,,Module 7: Organelle Correlations Analysis,"nDIA-based quantification of whole-cell iN and iDA neurons at day 50. Performs pairwise KO vs Ctrl comparisons and neuron-type interaction effects. Integrates organelle annotations and correlates KO profiles by organelle enrichment. Generates cluster heatmaps, GO term enrichments, and cross-cell-type correlation plots.","SubCellAnnotation.csv; R: R (4.5.2); RStudio (Version 2026.01.1+403), bigstatsr, broom, Cairo, CalNetExploreR, car, circlize, ComplexHeatmap, ComplexUpset, corrplot, cowplot, data.table, devtools, dplyr, factoextra, fmsb, forcats, furrr, ggbiplot, ggdendro, ggdist, gghalves, gghighlight, ggplot2, ggpp, ggpmisc, ggpubr, ggraph, ggrepel, ggsci, ggsignif, ggVennDiagram, grid, gridExtra, igraph, irlba, limma, lintr, lubridate, magick, msstats, NatParksPalettes, org.Hs.eg.db, patchwork, pheatmap, plotly, plyr, png, purrr, qs, RColorBrewer, readr, reshape2, rlang, scales, signal, stringr, superheat, Ternary, tibble, tidyplots, tidyr, tidyverse, timecourse, topGO, umap, UpSetR, uwot, viridis, zoo",diff132,Whole-cell proteome of In vitro differentiated iN and iDA neurons d30 and d50 of control and LSD mutants.,https://massive.ucsd.edu/ProteoSAFe/static/massive.jsp;  MSV000099237,https://github.com/sauerkrausi/neuroLSD
2A,Proteomics,nDIA-LFQ,"Thermo Fisher Orbitrap Astral, hrMS2",diff132_d50_nDIA.Rmd,,Module 7: Organelle Correlations Analysis,"nDIA-based quantification of whole-cell iN and iDA neurons at day 50. Performs pairwise KO vs Ctrl comparisons and neuron-type interaction effects. Integrates organelle annotations and correlates KO profiles by organelle enrichment. Generates cluster heatmaps, GO term enrichments, and cross-cell-type correlation plots.","SubCellAnnotation.csv; R: R (4.5.2); RStudio (Version 2026.01.1+403), bigstatsr, broom, Cairo, CalNetExploreR, car, circlize, ComplexHeatmap, ComplexUpset, corrplot, cowplot, data.table, devtools, dplyr, factoextra, fmsb, forcats, furrr, ggbiplot, ggdendro, ggdist, gghalves, gghighlight, ggplot2, ggpp, ggpmisc, ggpubr, ggraph, ggrepel, ggsci, ggsignif, ggVennDiagram, grid, gridExtra, igraph, irlba, limma, lintr, lubridate, magick, msstats, NatParksPalettes, org.Hs.eg.db, patchwork, pheatmap, plotly, plyr, png, purrr, qs, RColorBrewer, readr, reshape2, rlang, scales, signal, stringr, superheat, Ternary, tibble, tidyplots, tidyr, tidyverse, timecourse, topGO, umap, UpSetR, uwot, viridis, zoo",diff132,Whole-cell proteome of In vitro differentiated iN and iDA neurons d30 and d50 of control and LSD mutants.,https://massive.ucsd.edu/ProteoSAFe/static/massive.jsp;  MSV000099237,https://github.com/sauerkrausi/neuroLSD
2B,Proteomics,nDIA-LFQ,"Thermo Fisher Orbitrap Astral, hrMS2",diff132_d50_nDIA.Rmd,,Module 7: Organelle Correlations Analysis,"nDIA-based quantification of whole-cell iN and iDA neurons at day 50. Performs pairwise KO vs Ctrl comparisons and neuron-type interaction effects. Integrates organelle annotations and correlates KO profiles by organelle enrichment. Generates cluster heatmaps, GO term enrichments, and cross-cell-type correlation plots.","SubCellAnnotation.csv; R: R (4.5.2); RStudio (Version 2026.01.1+403), bigstatsr, broom, Cairo, CalNetExploreR, car, circlize, ComplexHeatmap, ComplexUpset, corrplot, cowplot, data.table, devtools, dplyr, factoextra, fmsb, forcats, furrr, ggbiplot, ggdendro, ggdist, gghalves, gghighlight, ggplot2, ggpp, ggpmisc, ggpubr, ggraph, ggrepel, ggsci, ggsignif, ggVennDiagram, grid, gridExtra, igraph, irlba, limma, lintr, lubridate, magick, msstats, NatParksPalettes, org.Hs.eg.db, patchwork, pheatmap, plotly, plyr, png, purrr, qs, RColorBrewer, readr, reshape2, rlang, scales, signal, stringr, superheat, Ternary, tibble, tidyplots, tidyr, tidyverse, timecourse, topGO, umap, UpSetR, uwot, viridis, zoo",diff132,Whole-cell proteome of In vitro differentiated iN and iDA neurons d30 and d50 of control and LSD mutants.,https://massive.ucsd.edu/ProteoSAFe/static/massive.jsp;  MSV000099237,https://github.com/sauerkrausi/neuroLSD
2C,Proteomics,nDIA-LFQ,"Thermo Fisher Orbitrap Astral, hrMS2",diff132_d50_nDIA.Rmd,,Module 7: Organelle Correlations Analysis,"nDIA-based quantification of whole-cell iN and iDA neurons at day 50. Performs pairwise KO vs Ctrl comparisons and neuron-type interaction effects. Integrates organelle annotations and correlates KO profiles by organelle enrichment. Generates cluster heatmaps, GO term enrichments, and cross-cell-type correlation plots.","SubCellAnnotation.csv; R: R (4.5.2); RStudio (Version 2026.01.1+403), bigstatsr, broom, Cairo, CalNetExploreR, car, circlize, ComplexHeatmap, ComplexUpset, corrplot, cowplot, data.table, devtools, dplyr, factoextra, fmsb, forcats, furrr, ggbiplot, ggdendro, ggdist, gghalves, gghighlight, ggplot2, ggpp, ggpmisc, ggpubr, ggraph, ggrepel, ggsci, ggsignif, ggVennDiagram, grid, gridExtra, igraph, irlba, limma, lintr, lubridate, magick, msstats, NatParksPalettes, org.Hs.eg.db, patchwork, pheatmap, plotly, plyr, png, purrr, qs, RColorBrewer, readr, reshape2, rlang, scales, signal, stringr, superheat, Ternary, tibble, tidyplots, tidyr, tidyverse, timecourse, topGO, umap, UpSetR, uwot, viridis, zoo",diff132,Whole-cell proteome of In vitro differentiated iN and iDA neurons d30 and d50 of control and LSD mutants.,https://massive.ucsd.edu/ProteoSAFe/static/massive.jsp;  MSV000099237,https://github.com/sauerkrausi/neuroLSD
2D,Proteomics,nDIA-LFQ,"Thermo Fisher Orbitrap Astral, hrMS2",diff132_d50_nDIA.Rmd,,Module 8: Disease Class Analysis - Neuron,"nDIA-based quantification of whole-cell iN and iDA neurons at day 50. Performs pairwise KO vs Ctrl comparisons and neuron-type interaction effects. Integrates organelle annotations and correlates KO profiles by organelle enrichment. Generates cluster heatmaps, GO term enrichments, and cross-cell-type correlation plots.","SubCellAnnotation.csv; R: R (4.5.2); RStudio (Version 2026.01.1+403), bigstatsr, broom, Cairo, CalNetExploreR, car, circlize, ComplexHeatmap, ComplexUpset, corrplot, cowplot, data.table, devtools, dplyr, factoextra, fmsb, forcats, furrr, ggbiplot, ggdendro, ggdist, gghalves, gghighlight, ggplot2, ggpp, ggpmisc, ggpubr, ggraph, ggrepel, ggsci, ggsignif, ggVennDiagram, grid, gridExtra, igraph, irlba, limma, lintr, lubridate, magick, msstats, NatParksPalettes, org.Hs.eg.db, patchwork, pheatmap, plotly, plyr, png, purrr, qs, RColorBrewer, readr, reshape2, rlang, scales, signal, stringr, superheat, Ternary, tibble, tidyplots, tidyr, tidyverse, timecourse, topGO, umap, UpSetR, uwot, viridis, zoo",diff132,Whole-cell proteome of In vitro differentiated iN and iDA neurons d30 and d50 of control and LSD mutants.,https://massive.ucsd.edu/ProteoSAFe/static/massive.jsp;  MSV000099237,https://github.com/sauerkrausi/neuroLSD
2E,Proteomics,nDIA-LFQ,"Thermo Fisher Orbitrap Astral, hrMS2",diff132_d50_nDIA.Rmd,,Module 8: Disease Class Analysis - Neuron,"nDIA-based quantification of whole-cell iN and iDA neurons at day 50. Performs pairwise KO vs Ctrl comparisons and neuron-type interaction effects. Integrates organelle annotations and correlates KO profiles by organelle enrichment. Generates cluster heatmaps, GO term enrichments, and cross-cell-type correlation plots.","SubCellAnnotation.csv; R: R (4.5.2); RStudio (Version 2026.01.1+403), bigstatsr, broom, Cairo, CalNetExploreR, car, circlize, ComplexHeatmap, ComplexUpset, corrplot, cowplot, data.table, devtools, dplyr, factoextra, fmsb, forcats, furrr, ggbiplot, ggdendro, ggdist, gghalves, gghighlight, ggplot2, ggpp, ggpmisc, ggpubr, ggraph, ggrepel, ggsci, ggsignif, ggVennDiagram, grid, gridExtra, igraph, irlba, limma, lintr, lubridate, magick, msstats, NatParksPalettes, org.Hs.eg.db, patchwork, pheatmap, plotly, plyr, png, purrr, qs, RColorBrewer, readr, reshape2, rlang, scales, signal, stringr, superheat, Ternary, tibble, tidyplots, tidyr, tidyverse, timecourse, topGO, umap, UpSetR, uwot, viridis, zoo",diff132,Whole-cell proteome of In vitro differentiated iN and iDA neurons d30 and d50 of control and LSD mutants.,https://massive.ucsd.edu/ProteoSAFe/static/massive.jsp;  MSV000099237,https://github.com/sauerkrausi/neuroLSD
2F,Proteomics,nDIA-LFQ,"Thermo Fisher Orbitrap Astral, hrMS2",diff132_d50_nDIA.Rmd,,Module 8: Disease Class Analysis - Neuron,"nDIA-based quantification of whole-cell iN and iDA neurons at day 50. Performs pairwise KO vs Ctrl comparisons and neuron-type interaction effects. Integrates organelle annotations and correlates KO profiles by organelle enrichment. Generates cluster heatmaps, GO term enrichments, and cross-cell-type correlation plots.","SubCellAnnotation.csv; R: R (4.5.2); RStudio (Version 2026.01.1+403), bigstatsr, broom, Cairo, CalNetExploreR, car, circlize, ComplexHeatmap, ComplexUpset, corrplot, cowplot, data.table, devtools, dplyr, factoextra, fmsb, forcats, furrr, ggbiplot, ggdendro, ggdist, gghalves, gghighlight, ggplot2, ggpp, ggpmisc, ggpubr, ggraph, ggrepel, ggsci, ggsignif, ggVennDiagram, grid, gridExtra, igraph, irlba, limma, lintr, lubridate, magick, msstats, NatParksPalettes, org.Hs.eg.db, patchwork, pheatmap, plotly, plyr, png, purrr, qs, RColorBrewer, readr, reshape2, rlang, scales, signal, stringr, superheat, Ternary, tibble, tidyplots, tidyr, tidyverse, timecourse, topGO, umap, UpSetR, uwot, viridis, zoo",diff132,Whole-cell proteome of In vitro differentiated iN and iDA neurons d30 and d50 of control and LSD mutants.,https://massive.ucsd.edu/ProteoSAFe/static/massive.jsp;  MSV000099237,https://github.com/sauerkrausi/neuroLSD
3A,Proteomics,nDIA-LFQ,"Thermo Fisher Orbitrap Astral, hrMS2",diff132_d50_nDIA.Rmd,,Module 2: Summarized Data & Subcellular Analysis,"nDIA-based quantification of whole-cell iN and iDA neurons at day 50. Performs pairwise KO vs Ctrl comparisons and neuron-type interaction effects. Integrates organelle annotations and correlates KO profiles by organelle enrichment. Generates cluster heatmaps, GO term enrichments, and cross-cell-type correlation plots.","SubCellAnnotation.csv; R: R (4.5.2); RStudio (Version 2026.01.1+403), bigstatsr, broom, Cairo, CalNetExploreR, car, circlize, ComplexHeatmap, ComplexUpset, corrplot, cowplot, data.table, devtools, dplyr, factoextra, fmsb, forcats, furrr, ggbiplot, ggdendro, ggdist, gghalves, gghighlight, ggplot2, ggpp, ggpmisc, ggpubr, ggraph, ggrepel, ggsci, ggsignif, ggVennDiagram, grid, gridExtra, igraph, irlba, limma, lintr, lubridate, magick, msstats, NatParksPalettes, org.Hs.eg.db, patchwork, pheatmap, plotly, plyr, png, purrr, qs, RColorBrewer, readr, reshape2, rlang, scales, signal, stringr, superheat, Ternary, tibble, tidyplots, tidyr, tidyverse, timecourse, topGO, umap, UpSetR, uwot, viridis, zoo",diff132,Whole-cell proteome of In vitro differentiated iN and iDA neurons d30 and d50 of control and LSD mutants.,https://massive.ucsd.edu/ProteoSAFe/static/massive.jsp;  MSV000099237,https://github.com/sauerkrausi/neuroLSD
3B,Proteomics,nDIA-LFQ,"Thermo Fisher Orbitrap Astral, hrMS2",diff132_d50_nDIA.Rmd,,Module 2: Summarized Data & Subcellular Analysis,"nDIA-based quantification of whole-cell iN and iDA neurons at day 50. Performs pairwise KO vs Ctrl comparisons and neuron-type interaction effects. Integrates organelle annotations and correlates KO profiles by organelle enrichment. Generates cluster heatmaps, GO term enrichments, and cross-cell-type correlation plots.","SubCellAnnotation.csv; R: R (4.5.2); RStudio (Version 2026.01.1+403), bigstatsr, broom, Cairo, CalNetExploreR, car, circlize, ComplexHeatmap, ComplexUpset, corrplot, cowplot, data.table, devtools, dplyr, factoextra, fmsb, forcats, furrr, ggbiplot, ggdendro, ggdist, gghalves, gghighlight, ggplot2, ggpp, ggpmisc, ggpubr, ggraph, ggrepel, ggsci, ggsignif, ggVennDiagram, grid, gridExtra, igraph, irlba, limma, lintr, lubridate, magick, msstats, NatParksPalettes, org.Hs.eg.db, patchwork, pheatmap, plotly, plyr, png, purrr, qs, RColorBrewer, readr, reshape2, rlang, scales, signal, stringr, superheat, Ternary, tibble, tidyplots, tidyr, tidyverse, timecourse, topGO, umap, UpSetR, uwot, viridis, zoo",diff132,Whole-cell proteome of In vitro differentiated iN and iDA neurons d30 and d50 of control and LSD mutants.,https://massive.ucsd.edu/ProteoSAFe/static/massive.jsp;  MSV000099237,https://github.com/sauerkrausi/neuroLSD
3C,Proteomics,nDIA-LFQ,"Thermo Fisher Orbitrap Astral, hrMS2",diff132_d50_nDIA.Rmd,,Module 7: Organelle Correlations Analysis,"nDIA-based quantification of whole-cell iN and iDA neurons at day 50. Performs pairwise KO vs Ctrl comparisons and neuron-type interaction effects. Integrates organelle annotations and correlates KO profiles by organelle enrichment. Generates cluster heatmaps, GO term enrichments, and cross-cell-type correlation plots.","SubCellAnnotation.csv; R: R (4.5.2); RStudio (Version 2026.01.1+403), bigstatsr, broom, Cairo, CalNetExploreR, car, circlize, ComplexHeatmap, ComplexUpset, corrplot, cowplot, data.table, devtools, dplyr, factoextra, fmsb, forcats, furrr, ggbiplot, ggdendro, ggdist, gghalves, gghighlight, ggplot2, ggpp, ggpmisc, ggpubr, ggraph, ggrepel, ggsci, ggsignif, ggVennDiagram, grid, gridExtra, igraph, irlba, limma, lintr, lubridate, magick, msstats, NatParksPalettes, org.Hs.eg.db, patchwork, pheatmap, plotly, plyr, png, purrr, qs, RColorBrewer, readr, reshape2, rlang, scales, signal, stringr, superheat, Ternary, tibble, tidyplots, tidyr, tidyverse, timecourse, topGO, umap, UpSetR, uwot, viridis, zoo",diff132,Whole-cell proteome of In vitro differentiated iN and iDA neurons d30 and d50 of control and LSD mutants.,https://massive.ucsd.edu/ProteoSAFe/static/massive.jsp;  MSV000099237,https://github.com/sauerkrausi/neuroLSD
3D,Proteomics,nDIA-LFQ,"Thermo Fisher Orbitrap Astral, hrMS2",diff132_d50_nDIA.Rmd,,Module 7: Organelle Correlations Analysis,"nDIA-based quantification of whole-cell iN and iDA neurons at day 50. Performs pairwise KO vs Ctrl comparisons and neuron-type interaction effects. Integrates organelle annotations and correlates KO profiles by organelle enrichment. Generates cluster heatmaps, GO term enrichments, and cross-cell-type correlation plots.","SubCellAnnotation.csv; R: R (4.5.2); RStudio (Version 2026.01.1+403), bigstatsr, broom, Cairo, CalNetExploreR, car, circlize, ComplexHeatmap, ComplexUpset, corrplot, cowplot, data.table, devtools, dplyr, factoextra, fmsb, forcats, furrr, ggbiplot, ggdendro, ggdist, gghalves, gghighlight, ggplot2, ggpp, ggpmisc, ggpubr, ggraph, ggrepel, ggsci, ggsignif, ggVennDiagram, grid, gridExtra, igraph, irlba, limma, lintr, lubridate, magick, msstats, NatParksPalettes, org.Hs.eg.db, patchwork, pheatmap, plotly, plyr, png, purrr, qs, RColorBrewer, readr, reshape2, rlang, scales, signal, stringr, superheat, Ternary, tibble, tidyplots, tidyr, tidyverse, timecourse, topGO, umap, UpSetR, uwot, viridis, zoo",diff132,Whole-cell proteome of In vitro differentiated iN and iDA neurons d30 and d50 of control and LSD mutants.,https://massive.ucsd.edu/ProteoSAFe/static/massive.jsp;  MSV000099237,https://github.com/sauerkrausi/neuroLSD
3E,Proteomics,nDIA-LFQ,"Thermo Fisher Orbitrap Astral, hrMS2",diff132_d50_nDIA.Rmd,,Module 8: Disease Class Analysis - Neuron,"nDIA-based quantification of whole-cell iN and iDA neurons at day 50. Performs pairwise KO vs Ctrl comparisons and neuron-type interaction effects. Integrates organelle annotations and correlates KO profiles by organelle enrichment. Generates cluster heatmaps, GO term enrichments, and cross-cell-type correlation plots.","SubCellAnnotation.csv; R: R (4.5.2); RStudio (Version 2026.01.1+403), bigstatsr, broom, Cairo, CalNetExploreR, car, circlize, ComplexHeatmap, ComplexUpset, corrplot, cowplot, data.table, devtools, dplyr, factoextra, fmsb, forcats, furrr, ggbiplot, ggdendro, ggdist, gghalves, gghighlight, ggplot2, ggpp, ggpmisc, ggpubr, ggraph, ggrepel, ggsci, ggsignif, ggVennDiagram, grid, gridExtra, igraph, irlba, limma, lintr, lubridate, magick, msstats, NatParksPalettes, org.Hs.eg.db, patchwork, pheatmap, plotly, plyr, png, purrr, qs, RColorBrewer, readr, reshape2, rlang, scales, signal, stringr, superheat, Ternary, tibble, tidyplots, tidyr, tidyverse, timecourse, topGO, umap, UpSetR, uwot, viridis, zoo",diff132,Whole-cell proteome of In vitro differentiated iN and iDA neurons d30 and d50 of control and LSD mutants.,https://massive.ucsd.edu/ProteoSAFe/static/massive.jsp;  MSV000099237,https://github.com/sauerkrausi/neuroLSD
4B,Proteomics,nDIA-LFQ,"Thermo Fisher Orbitrap Astral, hrMS2",diff132_d50_nDIA.Rmd,,Module 11: Master PPI Evidence & Analysis;  Module 1: PPI Database Construction;  Module 2: Baseline PPI Network;  Module 3: Trimer Detection and Validation;  Module 4: Tetramer Detection and Validation;  Module 5: Complex Growing from Trimers and Tetramers;  Module 6: Top-Down vs Bottom-Up Comparison;  Module 7: Complex Network Visualization,"nDIA-based quantification of whole-cell iN and iDA neurons at day 50. Performs pairwise KO vs Ctrl comparisons and neuron-type interaction effects. Integrates organelle annotations and correlates KO profiles by organelle enrichment. Generates cluster heatmaps, GO term enrichments, and cross-cell-type correlation plots.","SubCellAnnotation.csv; R: R (4.5.2); RStudio (Version 2026.01.1+403), bigstatsr, broom, Cairo, CalNetExploreR, car, circlize, ComplexHeatmap, ComplexUpset, corrplot, cowplot, data.table, devtools, dplyr, factoextra, fmsb, forcats, furrr, ggbiplot, ggdendro, ggdist, gghalves, gghighlight, ggplot2, ggpp, ggpmisc, ggpubr, ggraph, ggrepel, ggsci, ggsignif, ggVennDiagram, grid, gridExtra, igraph, irlba, limma, lintr, lubridate, magick, msstats, NatParksPalettes, org.Hs.eg.db, patchwork, pheatmap, plotly, plyr, png, purrr, qs, RColorBrewer, readr, reshape2, rlang, scales, signal, stringr, superheat, Ternary, tibble, tidyplots, tidyr, tidyverse, timecourse, topGO, umap, UpSetR, uwot, viridis, zoo;Predictomes_16kset.csv;9609.tsv;final_predictions_80.tsv",diff132,Whole-cell proteome of In vitro differentiated iN and iDA neurons d30 and d50 of control and LSD mutants.,https://massive.ucsd.edu/ProteoSAFe/static/massive.jsp;  MSV000099237,https://github.com/sauerkrausi/neuroLSD
4C,Proteomics,nDIA-LFQ,"Thermo Fisher Orbitrap Astral, hrMS2",diff132_d50_nDIA.Rmd,,Module 11: Master PPI Evidence & Analysis;  Module 1: PPI Database Construction;  Module 2: Baseline PPI Network;  Module 3: Trimer Detection and Validation;  Module 4: Tetramer Detection and Validation;  Module 5: Complex Growing from Trimers and Tetramers;  Module 6: Top-Down vs Bottom-Up Comparison;  Module 7: Complex Network Visualization,"nDIA-based quantification of whole-cell iN and iDA neurons at day 50. Performs pairwise KO vs Ctrl comparisons and neuron-type interaction effects. Integrates organelle annotations and correlates KO profiles by organelle enrichment. Generates cluster heatmaps, GO term enrichments, and cross-cell-type correlation plots.","SubCellAnnotation.csv; R: R (4.5.2); RStudio (Version 2026.01.1+403), bigstatsr, broom, Cairo, CalNetExploreR, car, circlize, ComplexHeatmap, ComplexUpset, corrplot, cowplot, data.table, devtools, dplyr, factoextra, fmsb, forcats, furrr, ggbiplot, ggdendro, ggdist, gghalves, gghighlight, ggplot2, ggpp, ggpmisc, ggpubr, ggraph, ggrepel, ggsci, ggsignif, ggVennDiagram, grid, gridExtra, igraph, irlba, limma, lintr, lubridate, magick, msstats, NatParksPalettes, org.Hs.eg.db, patchwork, pheatmap, plotly, plyr, png, purrr, qs, RColorBrewer, readr, reshape2, rlang, scales, signal, stringr, superheat, Ternary, tibble, tidyplots, tidyr, tidyverse, timecourse, topGO, umap, UpSetR, uwot, viridis, zoo;Predictomes_16kset.csv;9609.tsv;final_predictions_80.tsv",diff132,Whole-cell proteome of In vitro differentiated iN and iDA neurons d30 and d50 of control and LSD mutants.,https://massive.ucsd.edu/ProteoSAFe/static/massive.jsp;  MSV000099237,https://github.com/sauerkrausi/neuroLSD
4D,Proteomics,nDIA-LFQ,"Thermo Fisher Orbitrap Astral, hrMS2",diff132_d50_nDIA.Rmd,,Module 11: Master PPI Evidence & Analysis;  Module 1: PPI Database Construction;  Module 2: Baseline PPI Network;  Module 3: Trimer Detection and Validation;  Module 4: Tetramer Detection and Validation;  Module 5: Complex Growing from Trimers and Tetramers;  Module 6: Top-Down vs Bottom-Up Comparison;  Module 7: Complex Network Visualization,"nDIA-based quantification of whole-cell iN and iDA neurons at day 50. Performs pairwise KO vs Ctrl comparisons and neuron-type interaction effects. Integrates organelle annotations and correlates KO profiles by organelle enrichment. Generates cluster heatmaps, GO term enrichments, and cross-cell-type correlation plots.","SubCellAnnotation.csv; R: R (4.5.2); RStudio (Version 2026.01.1+403), bigstatsr, broom, Cairo, CalNetExploreR, car, circlize, ComplexHeatmap, ComplexUpset, corrplot, cowplot, data.table, devtools, dplyr, factoextra, fmsb, forcats, furrr, ggbiplot, ggdendro, ggdist, gghalves, gghighlight, ggplot2, ggpp, ggpmisc, ggpubr, ggraph, ggrepel, ggsci, ggsignif, ggVennDiagram, grid, gridExtra, igraph, irlba, limma, lintr, lubridate, magick, msstats, NatParksPalettes, org.Hs.eg.db, patchwork, pheatmap, plotly, plyr, png, purrr, qs, RColorBrewer, readr, reshape2, rlang, scales, signal, stringr, superheat, Ternary, tibble, tidyplots, tidyr, tidyverse, timecourse, topGO, umap, UpSetR, uwot, viridis, zoo;Predictomes_16kset.csv;9609.tsv;final_predictions_80.tsv",diff132,Whole-cell proteome of In vitro differentiated iN and iDA neurons d30 and d50 of control and LSD mutants.,https://massive.ucsd.edu/ProteoSAFe/static/massive.jsp;  MSV000099237,https://github.com/sauerkrausi/neuroLSD
4E,Proteomics,nDIA-LFQ,"Thermo Fisher Orbitrap Astral, hrMS2",diff132_d50_nDIA.Rmd,,Module 11: Master PPI Evidence & Analysis;  Module 1: PPI Database Construction;  Module 2: Baseline PPI Network;  Module 3: Trimer Detection and Validation;  Module 4: Tetramer Detection and Validation;  Module 5: Complex Growing from Trimers and Tetramers;  Module 6: Top-Down vs Bottom-Up Comparison;  Module 7: Complex Network Visualization,"nDIA-based quantification of whole-cell iN and iDA neurons at day 50. Performs pairwise KO vs Ctrl comparisons and neuron-type interaction effects. Integrates organelle annotations and correlates KO profiles by organelle enrichment. Generates cluster heatmaps, GO term enrichments, and cross-cell-type correlation plots.","SubCellAnnotation.csv; R: R (4.5.2); RStudio (Version 2026.01.1+403), bigstatsr, broom, Cairo, CalNetExploreR, car, circlize, ComplexHeatmap, ComplexUpset, corrplot, cowplot, data.table, devtools, dplyr, factoextra, fmsb, forcats, furrr, ggbiplot, ggdendro, ggdist, gghalves, gghighlight, ggplot2, ggpp, ggpmisc, ggpubr, ggraph, ggrepel, ggsci, ggsignif, ggVennDiagram, grid, gridExtra, igraph, irlba, limma, lintr, lubridate, magick, msstats, NatParksPalettes, org.Hs.eg.db, patchwork, pheatmap, plotly, plyr, png, purrr, qs, RColorBrewer, readr, reshape2, rlang, scales, signal, stringr, superheat, Ternary, tibble, tidyplots, tidyr, tidyverse, timecourse, topGO, umap, UpSetR, uwot, viridis, zoo;Predictomes_16kset.csv;9609.tsv;final_predictions_80.tsv",diff132,Whole-cell proteome of In vitro differentiated iN and iDA neurons d30 and d50 of control and LSD mutants.,https://massive.ucsd.edu/ProteoSAFe/static/massive.jsp;  MSV000099237,https://github.com/sauerkrausi/neuroLSD
4F,Proteomics,nDIA-LFQ,"Thermo Fisher Orbitrap Astral, hrMS2",diff132_d50_nDIA.Rmd,,Module 11: Master PPI Evidence & Analysis;  Module 1: PPI Database Construction;  Module 2: Baseline PPI Network;  Module 3: Trimer Detection and Validation;  Module 4: Tetramer Detection and Validation;  Module 5: Complex Growing from Trimers and Tetramers;  Module 6: Top-Down vs Bottom-Up Comparison;  Module 7: Complex Network Visualization,"nDIA-based quantification of whole-cell iN and iDA neurons at day 50. Performs pairwise KO vs Ctrl comparisons and neuron-type interaction effects. Integrates organelle annotations and correlates KO profiles by organelle enrichment. Generates cluster heatmaps, GO term enrichments, and cross-cell-type correlation plots.","SubCellAnnotation.csv; R: R (4.5.2); RStudio (Version 2026.01.1+403), bigstatsr, broom, Cairo, CalNetExploreR, car, circlize, ComplexHeatmap, ComplexUpset, corrplot, cowplot, data.table, devtools, dplyr, factoextra, fmsb, forcats, furrr, ggbiplot, ggdendro, ggdist, gghalves, gghighlight, ggplot2, ggpp, ggpmisc, ggpubr, ggraph, ggrepel, ggsci, ggsignif, ggVennDiagram, grid, gridExtra, igraph, irlba, limma, lintr, lubridate, magick, msstats, NatParksPalettes, org.Hs.eg.db, patchwork, pheatmap, plotly, plyr, png, purrr, qs, RColorBrewer, readr, reshape2, rlang, scales, signal, stringr, superheat, Ternary, tibble, tidyplots, tidyr, tidyverse, timecourse, topGO, umap, UpSetR, uwot, viridis, zoo;Predictomes_16kset.csv;9609.tsv;final_predictions_80.tsv",diff132,Whole-cell proteome of In vitro differentiated iN and iDA neurons d30 and d50 of control and LSD mutants.,https://massive.ucsd.edu/ProteoSAFe/static/massive.jsp;  MSV000099237,https://github.com/sauerkrausi/neuroLSD
4G,Proteomics,nDIA-LFQ,"Thermo Fisher Orbitrap Astral, hrMS2",diff132_d50_nDIA.Rmd,,Module 11: Master PPI Evidence & Analysis; Module 9: KO Vulnerability Analysis v6 (Significance-Filtered),"nDIA-based quantification of whole-cell iN and iDA neurons at day 50. Performs pairwise KO vs Ctrl comparisons and neuron-type interaction effects. Integrates organelle annotations and correlates KO profiles by organelle enrichment. Generates cluster heatmaps, GO term enrichments, and cross-cell-type correlation plots.","SubCellAnnotation.csv; R: R (4.5.2); RStudio (Version 2026.01.1+403), bigstatsr, broom, Cairo, CalNetExploreR, car, circlize, ComplexHeatmap, ComplexUpset, corrplot, cowplot, data.table, devtools, dplyr, factoextra, fmsb, forcats, furrr, ggbiplot, ggdendro, ggdist, gghalves, gghighlight, ggplot2, ggpp, ggpmisc, ggpubr, ggraph, ggrepel, ggsci, ggsignif, ggVennDiagram, grid, gridExtra, igraph, irlba, limma, lintr, lubridate, magick, msstats, NatParksPalettes, org.Hs.eg.db, patchwork, pheatmap, plotly, plyr, png, purrr, qs, RColorBrewer, readr, reshape2, rlang, scales, signal, stringr, superheat, Ternary, tibble, tidyplots, tidyr, tidyverse, timecourse, topGO, umap, UpSetR, uwot, viridis, zoo;Predictomes_16kset.csv;9609.tsv;final_predictions_80.tsv",diff132,Whole-cell proteome of In vitro differentiated iN and iDA neurons d30 and d50 of control and LSD mutants.,https://massive.ucsd.edu/ProteoSAFe/static/massive.jsp;  MSV000099237,https://github.com/sauerkrausi/neuroLSD
4H,Proteomics,nDIA-LFQ,"Thermo Fisher Orbitrap Astral, hrMS2",diff132_d50_nDIA.Rmd,,Module 11: Master PPI Evidence & Analysis; Module 9: KO Vulnerability Analysis v6 (Significance-Filtered),"nDIA-based quantification of whole-cell iN and iDA neurons at day 50. Performs pairwise KO vs Ctrl comparisons and neuron-type interaction effects. Integrates organelle annotations and correlates KO profiles by organelle enrichment. Generates cluster heatmaps, GO term enrichments, and cross-cell-type correlation plots.","SubCellAnnotation.csv; R: R (4.5.2); RStudio (Version 2026.01.1+403), bigstatsr, broom, Cairo, CalNetExploreR, car, circlize, ComplexHeatmap, ComplexUpset, corrplot, cowplot, data.table, devtools, dplyr, factoextra, fmsb, forcats, furrr, ggbiplot, ggdendro, ggdist, gghalves, gghighlight, ggplot2, ggpp, ggpmisc, ggpubr, ggraph, ggrepel, ggsci, ggsignif, ggVennDiagram, grid, gridExtra, igraph, irlba, limma, lintr, lubridate, magick, msstats, NatParksPalettes, org.Hs.eg.db, patchwork, pheatmap, plotly, plyr, png, purrr, qs, RColorBrewer, readr, reshape2, rlang, scales, signal, stringr, superheat, Ternary, tibble, tidyplots, tidyr, tidyverse, timecourse, topGO, umap, UpSetR, uwot, viridis, zoo;Predictomes_16kset.csv;9609.tsv;final_predictions_80.tsv",diff132,Whole-cell proteome of In vitro differentiated iN and iDA neurons d30 and d50 of control and LSD mutants.,https://massive.ucsd.edu/ProteoSAFe/static/massive.jsp;  MSV000099237,https://github.com/sauerkrausi/neuroLSD
5A,Microscopy,Electron Microscopy,Tecnai G2 Spirit BioTWIN,,,,,,,Day 50 in vitro differentiated iN and iDA neurons from control and LSD KO stem cells. Grown in matrigel coated aclar coverslips. ,,
5B,Microscopy,Spinning-disk Microscopy,"Yokogawa CSU-X1 spinning disk confocal mounted on a Nikon Eclipse Ti2-E motorized microscope equipped with a Tokai Hit stage-top incubator. Conditions maintained at 37 °C, 5% CO₂, and 95% humidity. Nikon Plan Apo 60×/1.40 N.A. immersion oil objective lens. Fluorophores sequentially excited with a Nikon LUN-F XL solid-state laser combiner (405 nm – 80 mW, 488 nm – 80 mW, 561 nm – 65 mW, 640 nm – 60 mW) with a Semrock Di01-T405/488/568/647 dichroic mirror. Emissions collected through Chroma ET455/50m [405 nm], ET525/36m [488 nm], ET605/52m [561 nm], ET700/75m [640 nm] filters. Hamamatsu ORCA-Fusion BT CMOS camera (6.5 µm² photodiode, 16-bit) and NIS-Elements software.",N/A,N/A,,,,,"In vitro differentiated iDA neurons of Control and ASAH1-/- at day 38 stained for tubulin (Alexa647), Bassoon (Alexa488) and SYP (Alexa568) and imaged using a spinning disk microscope.",,
5C,Microscopy,Image Analysis,N/A,neuro_syn_env.py,neuron_endo_syn_eval.Rmd,,"Parse split-channel TIFF filenames to extract sample prefix, channel, and wavelength. Preprocess DNA and organelle channels with background subtraction and white tophat filtering. Segment nuclei with Cellpose-SAM and organelles via Otsu thresholding. Compute per-image metrics and colocalization fractions.","R: R, RStudio; devtools, tidyverse, readr, dplyr, stringr, tidyr, tibble, purrr, ggplot2, Cairo, janitor, rstatix, ggpubr, rlang Python: re, pathlib, typing, numpy, pandas, tifffile, skimage, matplotlib, scipy",,,,https://github.com/sauerkrausi/neuroLSD
5D,Microscopy,Image Analysis,N/A,neuro_syn_env.py,neuron_endo_syn_eval.Rmd,,"Parse split-channel TIFF filenames to extract sample prefix, channel, and wavelength. Preprocess DNA and organelle channels with background subtraction and white tophat filtering. Segment nuclei with Cellpose-SAM and organelles via Otsu thresholding. Compute per-image metrics and colocalization fractions.","R: R, RStudio; devtools, tidyverse, readr, dplyr, stringr, tidyr, tibble, purrr, ggplot2, Cairo, janitor, rstatix, ggpubr, rlang Python: re, pathlib, typing, numpy, pandas, tifffile, skimage, matplotlib, scipy",,,,https://github.com/sauerkrausi/neuroLSD
5E,Microscopy,Image Analysis,N/A,run_cellpose_calcium_remoteHDD.py,neuroLSD_CalciumMaster.Rmd,,"Segment neuronal soma in grayscale calcium imaging stacks (.tiff or .nd2) using Cellpose-SAM with a custom cpsam model. Supports batch mode with automated ROI mask generation and QC overlays. Saves masks, overlays, and log files for quality control.","R: R, RStudio; tidyverse, zoo, reshape2, pheatmap, ggdendro, viridis, RColorBrewer, NatParksPalettes, tidyplots, ggpubr, ggsignif, Cairo, patchwork, cowplot, gridExtra, grid, rlang, igraph, ggraph, CalNetExploreR, dplyr Python: cellpose, nd2, matplotlib, tifffile, numpy, pathlib, tqdm, pandas, torch, skimage",,"Evaluation of live-cell recordings (1000 frames, 10fps) of iN and iDA neurons at indicated times of in vitro differentiation, stained with Fluo4-AM for calcium imaging. Imaged on ibidi 8well glass bottom dishes.",,https://github.com/sauerkrausi/neuroLSD
5F,Microscopy,cryo-Electron Tomography,Thermo Fisher Krios G4,,,,,,,CryoET images of HeLa Control and ASAH1-/- cells.,,
5G,Microscopy,cryo-Electron Tomography,Thermo Fisher Krios G4,,,,,,,3D reconstructions based on cryoET images of HeLa Control and ASAH1-/- cells.,,
5H,Microscopy,cryo-Electron Tomography,Thermo Fisher Krios G4,,,,,,,CryoET images of HeLa Control and ASAH1-/- cells.,,
S1A,Microscopy,Spinning-disk Microscopy,"Yokogawa CSU-X1 spinning disk confocal mounted on a Nikon Eclipse Ti2-E motorized microscope equipped with a Tokai Hit stage-top incubator. Conditions maintained at 37 °C, 5% CO₂, and 95% humidity. Nikon Plan Apo 60×/1.40 N.A. immersion oil objective lens. Fluorophores sequentially excited with a Nikon LUN-F XL solid-state laser combiner (405 nm – 80 mW, 488 nm – 80 mW, 561 nm – 65 mW, 640 nm – 60 mW) with a Semrock Di01-T405/488/568/647 dichroic mirror. Emissions collected through Chroma ET455/50m [405 nm], ET525/36m [488 nm], ET605/52m [561 nm], ET700/75m [640 nm] filters. Hamamatsu ORCA-Fusion BT CMOS camera (6.5 µm² photodiode, 16-bit) and NIS-Elements software.",,,,,,,"In vitro differentiated iN and iDA neurons at day 21 stained for tubulin (Alexa647), TH (Alexa488) and MAP (Alexa568) and image with spinning disk confocal microscope. Image analysis done in python and plotted in R.",,
S1A,Microscopy,Image Analysis,,th_neuron_quantification_interative.py,diff118_iNiDA_Theval.Rmd,,Quantify TH-positive neurons in iN and iDA cultures via Python-based segmentation. Supports automated and interactive workflows. Provides condition-wise comparisons and group-level analyses.,"R: R, RStudio; devtools, tidyverse, zoo, reshape2, pheatmap, ggdendro, viridis, RColorBrewer, NatParksPalettes, tidyplots, ggpubr, ggsignif, Cairo, patchwork, cowplot, gridExtra, grid, rlang, dplyr Python: os, pathlib, numpy, tifffile, matplotlib, cellpose, skimage, torch, pandas, seaborn",,"In vitro differentiated iN and iDA neurons at day 21 stained for tubulin (Alexa647), TH (Alexa488) and MAP (Alexa568) and image with spinning disk confocal microscope. Image analysis done in python and plotted in R.",,https://github.com/sauerkrausi/neuroLSD
S1C,Proteomics,nDIA-LFQ,"Thermo Fisher Orbitrap Astral, hrMS2",diff132_d50_nDIA.Rmd,,"Module 1: Data Import, QC (Replicate-level)","nDIA-based quantification of whole-cell iN and iDA neurons at day 50. Performs pairwise KO vs Ctrl comparisons and neuron-type interaction effects. Integrates organelle annotations and correlates KO profiles by organelle enrichment. Generates cluster heatmaps, GO term enrichments, and cross-cell-type correlation plots.","SubCellAnnotation.csv; R: R (4.5.2); RStudio (Version 2026.01.1+403), bigstatsr, broom, Cairo, CalNetExploreR, car, circlize, ComplexHeatmap, ComplexUpset, corrplot, cowplot, data.table, devtools, dplyr, factoextra, fmsb, forcats, furrr, ggbiplot, ggdendro, ggdist, gghalves, gghighlight, ggplot2, ggpp, ggpmisc, ggpubr, ggraph, ggrepel, ggsci, ggsignif, ggVennDiagram, grid, gridExtra, igraph, irlba, limma, lintr, lubridate, magick, msstats, NatParksPalettes, org.Hs.eg.db, patchwork, pheatmap, plotly, plyr, png, purrr, qs, RColorBrewer, readr, reshape2, rlang, scales, signal, stringr, superheat, Ternary, tibble, tidyplots, tidyr, tidyverse, timecourse, topGO, umap, UpSetR, uwot, viridis, zoo",diff132,Whole-cell proteome of In vitro differentiated iN and iDA neurons d30 and d50 of control and LSD mutants.,https://massive.ucsd.edu/ProteoSAFe/static/massive.jsp;  MSV000099237,https://github.com/sauerkrausi/neuroLSD
S1D,Proteomics,nDIA-LFQ,"Thermo Fisher Orbitrap Astral, hrMS2",diff132_d50_nDIA.Rmd,,"Module 1: Data Import, QC (Replicate-level)","nDIA-based quantification of whole-cell iN and iDA neurons at day 50. Performs pairwise KO vs Ctrl comparisons and neuron-type interaction effects. Integrates organelle annotations and correlates KO profiles by organelle enrichment. Generates cluster heatmaps, GO term enrichments, and cross-cell-type correlation plots.","SubCellAnnotation.csv; R: R (4.5.2); RStudio (Version 2026.01.1+403), bigstatsr, broom, Cairo, CalNetExploreR, car, circlize, ComplexHeatmap, ComplexUpset, corrplot, cowplot, data.table, devtools, dplyr, factoextra, fmsb, forcats, furrr, ggbiplot, ggdendro, ggdist, gghalves, gghighlight, ggplot2, ggpp, ggpmisc, ggpubr, ggraph, ggrepel, ggsci, ggsignif, ggVennDiagram, grid, gridExtra, igraph, irlba, limma, lintr, lubridate, magick, msstats, NatParksPalettes, org.Hs.eg.db, patchwork, pheatmap, plotly, plyr, png, purrr, qs, RColorBrewer, readr, reshape2, rlang, scales, signal, stringr, superheat, Ternary, tibble, tidyplots, tidyr, tidyverse, timecourse, topGO, umap, UpSetR, uwot, viridis, zoo",diff132,Whole-cell proteome of In vitro differentiated iN and iDA neurons d30 and d50 of control and LSD mutants.,https://massive.ucsd.edu/ProteoSAFe/static/massive.jsp;  MSV000099237,https://github.com/sauerkrausi/neuroLSD
S1E,Proteomics,nDIA-LFQ,"Thermo Fisher Orbitrap Astral, hrMS2",diff132_d50_nDIA.Rmd,,"Module 1: Data Import, QC (Replicate-level)","nDIA-based quantification of whole-cell iN and iDA neurons at day 50. Performs pairwise KO vs Ctrl comparisons and neuron-type interaction effects. Integrates organelle annotations and correlates KO profiles by organelle enrichment. Generates cluster heatmaps, GO term enrichments, and cross-cell-type correlation plots.","SubCellAnnotation.csv; R: R (4.5.2); RStudio (Version 2026.01.1+403), bigstatsr, broom, Cairo, CalNetExploreR, car, circlize, ComplexHeatmap, ComplexUpset, corrplot, cowplot, data.table, devtools, dplyr, factoextra, fmsb, forcats, furrr, ggbiplot, ggdendro, ggdist, gghalves, gghighlight, ggplot2, ggpp, ggpmisc, ggpubr, ggraph, ggrepel, ggsci, ggsignif, ggVennDiagram, grid, gridExtra, igraph, irlba, limma, lintr, lubridate, magick, msstats, NatParksPalettes, org.Hs.eg.db, patchwork, pheatmap, plotly, plyr, png, purrr, qs, RColorBrewer, readr, reshape2, rlang, scales, signal, stringr, superheat, Ternary, tibble, tidyplots, tidyr, tidyverse, timecourse, topGO, umap, UpSetR, uwot, viridis, zoo",diff132,Whole-cell proteome of In vitro differentiated iN and iDA neurons d30 and d50 of control and LSD mutants.,https://massive.ucsd.edu/ProteoSAFe/static/massive.jsp;  MSV000099237,https://github.com/sauerkrausi/neuroLSD
S1F,Proteomics,nDIA-LFQ,"Thermo Fisher Orbitrap Astral, hrMS2",diff132_d50_nDIA.Rmd,,Module 2: Summarized Data & Subcellular Analysis,"nDIA-based quantification of whole-cell iN and iDA neurons at day 50. Performs pairwise KO vs Ctrl comparisons and neuron-type interaction effects. Integrates organelle annotations and correlates KO profiles by organelle enrichment. Generates cluster heatmaps, GO term enrichments, and cross-cell-type correlation plots.","SubCellAnnotation.csv; R: R (4.5.2); RStudio (Version 2026.01.1+403), bigstatsr, broom, Cairo, CalNetExploreR, car, circlize, ComplexHeatmap, ComplexUpset, corrplot, cowplot, data.table, devtools, dplyr, factoextra, fmsb, forcats, furrr, ggbiplot, ggdendro, ggdist, gghalves, gghighlight, ggplot2, ggpp, ggpmisc, ggpubr, ggraph, ggrepel, ggsci, ggsignif, ggVennDiagram, grid, gridExtra, igraph, irlba, limma, lintr, lubridate, magick, msstats, NatParksPalettes, org.Hs.eg.db, patchwork, pheatmap, plotly, plyr, png, purrr, qs, RColorBrewer, readr, reshape2, rlang, scales, signal, stringr, superheat, Ternary, tibble, tidyplots, tidyr, tidyverse, timecourse, topGO, umap, UpSetR, uwot, viridis, zoo",diff132,Whole-cell proteome of In vitro differentiated iN and iDA neurons d30 and d50 of control and LSD mutants.,https://massive.ucsd.edu/ProteoSAFe/static/massive.jsp;  MSV000099237,https://github.com/sauerkrausi/neuroLSD
S1G,Proteomics,nDIA-LFQ,"Thermo Fisher Orbitrap Astral, hrMS2",diff132_d50_nDIA.Rmd,,Module 2: Summarized Data & Subcellular Analysis,"nDIA-based quantification of whole-cell iN and iDA neurons at day 50. Performs pairwise KO vs Ctrl comparisons and neuron-type interaction effects. Integrates organelle annotations and correlates KO profiles by organelle enrichment. Generates cluster heatmaps, GO term enrichments, and cross-cell-type correlation plots.","SubCellAnnotation.csv; R: R (4.5.2); RStudio (Version 2026.01.1+403), bigstatsr, broom, Cairo, CalNetExploreR, car, circlize, ComplexHeatmap, ComplexUpset, corrplot, cowplot, data.table, devtools, dplyr, factoextra, fmsb, forcats, furrr, ggbiplot, ggdendro, ggdist, gghalves, gghighlight, ggplot2, ggpp, ggpmisc, ggpubr, ggraph, ggrepel, ggsci, ggsignif, ggVennDiagram, grid, gridExtra, igraph, irlba, limma, lintr, lubridate, magick, msstats, NatParksPalettes, org.Hs.eg.db, patchwork, pheatmap, plotly, plyr, png, purrr, qs, RColorBrewer, readr, reshape2, rlang, scales, signal, stringr, superheat, Ternary, tibble, tidyplots, tidyr, tidyverse, timecourse, topGO, umap, UpSetR, uwot, viridis, zoo",diff132,Whole-cell proteome of In vitro differentiated iN and iDA neurons d30 and d50 of control and LSD mutants.,https://massive.ucsd.edu/ProteoSAFe/static/massive.jsp;  MSV000099237,https://github.com/sauerkrausi/neuroLSD
S1H,Proteomics,nDIA-LFQ,"Thermo Fisher Orbitrap Astral, hrMS2",diff132_d50_nDIA.Rmd,,Module 2: Summarized Data & Subcellular Analysis,"nDIA-based quantification of whole-cell iN and iDA neurons at day 50. Performs pairwise KO vs Ctrl comparisons and neuron-type interaction effects. Integrates organelle annotations and correlates KO profiles by organelle enrichment. Generates cluster heatmaps, GO term enrichments, and cross-cell-type correlation plots.","SubCellAnnotation.csv; R: R (4.5.2); RStudio (Version 2026.01.1+403), bigstatsr, broom, Cairo, CalNetExploreR, car, circlize, ComplexHeatmap, ComplexUpset, corrplot, cowplot, data.table, devtools, dplyr, factoextra, fmsb, forcats, furrr, ggbiplot, ggdendro, ggdist, gghalves, gghighlight, ggplot2, ggpp, ggpmisc, ggpubr, ggraph, ggrepel, ggsci, ggsignif, ggVennDiagram, grid, gridExtra, igraph, irlba, limma, lintr, lubridate, magick, msstats, NatParksPalettes, org.Hs.eg.db, patchwork, pheatmap, plotly, plyr, png, purrr, qs, RColorBrewer, readr, reshape2, rlang, scales, signal, stringr, superheat, Ternary, tibble, tidyplots, tidyr, tidyverse, timecourse, topGO, umap, UpSetR, uwot, viridis, zoo",diff132,Whole-cell proteome of In vitro differentiated iN and iDA neurons d30 and d50 of control and LSD mutants.,https://massive.ucsd.edu/ProteoSAFe/static/massive.jsp;  MSV000099237,https://github.com/sauerkrausi/neuroLSD
S1I,Proteomics,nDIA-LFQ,"Thermo Fisher Orbitrap Astral, hrMS2",diff132_d50_nDIA.Rmd,,Module 3: Neuro QC & Synaptic Markers,"nDIA-based quantification of whole-cell iN and iDA neurons at day 50. Performs pairwise KO vs Ctrl comparisons and neuron-type interaction effects. Integrates organelle annotations and correlates KO profiles by organelle enrichment. Generates cluster heatmaps, GO term enrichments, and cross-cell-type correlation plots.","SubCellAnnotation.csv; R: R (4.5.2); RStudio (Version 2026.01.1+403), bigstatsr, broom, Cairo, CalNetExploreR, car, circlize, ComplexHeatmap, ComplexUpset, corrplot, cowplot, data.table, devtools, dplyr, factoextra, fmsb, forcats, furrr, ggbiplot, ggdendro, ggdist, gghalves, gghighlight, ggplot2, ggpp, ggpmisc, ggpubr, ggraph, ggrepel, ggsci, ggsignif, ggVennDiagram, grid, gridExtra, igraph, irlba, limma, lintr, lubridate, magick, msstats, NatParksPalettes, org.Hs.eg.db, patchwork, pheatmap, plotly, plyr, png, purrr, qs, RColorBrewer, readr, reshape2, rlang, scales, signal, stringr, superheat, Ternary, tibble, tidyplots, tidyr, tidyverse, timecourse, topGO, umap, UpSetR, uwot, viridis, zoo",diff132,Whole-cell proteome of In vitro differentiated iN and iDA neurons d30 and d50 of control and LSD mutants.,https://massive.ucsd.edu/ProteoSAFe/static/massive.jsp;  MSV000099237,https://github.com/sauerkrausi/neuroLSD
S1J,Microscopy,Spinning-disk Microscopy,"Yokogawa CSU-X1 spinning disk confocal mounted on a Nikon Eclipse Ti2-E motorized microscope equipped with a Tokai Hit stage-top incubator. Conditions maintained at 37 °C, 5% CO₂, and 95% humidity. Nikon Plan Apo 60×/1.40 N.A. immersion oil objective lens. Fluorophores sequentially excited with a Nikon LUN-F XL solid-state laser combiner (405 nm – 80 mW, 488 nm – 80 mW, 561 nm – 65 mW, 640 nm – 60 mW) with a Semrock Di01-T405/488/568/647 dichroic mirror. Emissions collected through Chroma ET455/50m [405 nm], ET525/36m [488 nm], ET605/52m [561 nm], ET700/75m [640 nm] filters. Hamamatsu ORCA-Fusion BT CMOS camera (6.5 µm² photodiode, 16-bit) and NIS-Elements software.",,,,,,,"In vitro differentiated iN and iDA neurons at day 38 stained for NEFH (Alexa647), Tublin (Alexa488) and SYN1 (Alexa568) and image with spinning disk confocal microscope. Image analysis done in python and plotted in R.",,
S1J,Microscopy,Image Analysis,N/A,neuro_syn_env.py,neuron_endo_syn_eval.Rmd,,"Parse split-channel TIFF filenames to extract sample prefix, channel, and wavelength. Preprocess DNA and organelle channels with background subtraction and white tophat filtering. Segment nuclei with Cellpose-SAM and organelles via Otsu thresholding. Compute per-image metrics and colocalization fractions.","R: R, RStudio; devtools, tidyverse, readr, dplyr, stringr, tidyr, tibble, purrr, ggplot2, Cairo, janitor, rstatix, ggpubr, rlang Python: re, pathlib, typing, numpy, pandas, tifffile, skimage, matplotlib, scipy",,"In vitro differentiated iN and iDA neurons at day 38 stained for NEFH (Alexa647), Tublin (Alexa488) and SYN1 (Alexa568) and image with spinning disk confocal microscope. Image analysis done in python and plotted in R.",,https://github.com/sauerkrausi/neuroLSD
S1K,Proteomics,nDIA-LFQ,"Thermo Fisher Orbitrap Astral, hrMS2",diff132_d50_nDIA.Rmd,,Module 4: Time Course Analysis (d30 vs d50),"nDIA-based quantification of whole-cell iN and iDA neurons at day 50. Performs pairwise KO vs Ctrl comparisons and neuron-type interaction effects. Integrates organelle annotations and correlates KO profiles by organelle enrichment. Generates cluster heatmaps, GO term enrichments, and cross-cell-type correlation plots.","SubCellAnnotation.csv; R: R (4.5.2); RStudio (Version 2026.01.1+403), bigstatsr, broom, Cairo, CalNetExploreR, car, circlize, ComplexHeatmap, ComplexUpset, corrplot, cowplot, data.table, devtools, dplyr, factoextra, fmsb, forcats, furrr, ggbiplot, ggdendro, ggdist, gghalves, gghighlight, ggplot2, ggpp, ggpmisc, ggpubr, ggraph, ggrepel, ggsci, ggsignif, ggVennDiagram, grid, gridExtra, igraph, irlba, limma, lintr, lubridate, magick, msstats, NatParksPalettes, org.Hs.eg.db, patchwork, pheatmap, plotly, plyr, png, purrr, qs, RColorBrewer, readr, reshape2, rlang, scales, signal, stringr, superheat, Ternary, tibble, tidyplots, tidyr, tidyverse, timecourse, topGO, umap, UpSetR, uwot, viridis, zoo",diff132,Whole-cell proteome of In vitro differentiated iN and iDA neurons d30 and d50 of control and LSD mutants.,,https://github.com/sauerkrausi/neuroLSD
S1L,Proteomics,nDIA-LFQ,"Thermo Fisher Orbitrap Astral, hrMS2","Thermo Fisher Orbitrap Astral, hrMS2",,Module 4: Time Course Analysis (d30 vs d50),"nDIA-based quantification of whole-cell iN and iDA neurons at day 50. Performs pairwise KO vs Ctrl comparisons and neuron-type interaction effects. Integrates organelle annotations and correlates KO profiles by organelle enrichment. Generates cluster heatmaps, GO term enrichments, and cross-cell-type correlation plots.","SubCellAnnotation.csv; R: R (4.5.2); RStudio (Version 2026.01.1+403), bigstatsr, broom, Cairo, CalNetExploreR, car, circlize, ComplexHeatmap, ComplexUpset, corrplot, cowplot, data.table, devtools, dplyr, factoextra, fmsb, forcats, furrr, ggbiplot, ggdendro, ggdist, gghalves, gghighlight, ggplot2, ggpp, ggpmisc, ggpubr, ggraph, ggrepel, ggsci, ggsignif, ggVennDiagram, grid, gridExtra, igraph, irlba, limma, lintr, lubridate, magick, msstats, NatParksPalettes, org.Hs.eg.db, patchwork, pheatmap, plotly, plyr, png, purrr, qs, RColorBrewer, readr, reshape2, rlang, scales, signal, stringr, superheat, Ternary, tibble, tidyplots, tidyr, tidyverse, timecourse, topGO, umap, UpSetR, uwot, viridis, zoo",diff132,Whole-cell proteome of In vitro differentiated iN and iDA neurons d30 and d50 of control and LSD mutants.,,https://github.com/sauerkrausi/neuroLSD
S2A,Proteomics,nDIA-LFQ,"Thermo Fisher Orbitrap Astral, hrMS2",diff132_d50_nDIA.Rmd,,"Module 1: Data Import, QC (Replicate-level)","nDIA-based quantification of whole-cell iN and iDA neurons at day 50. Performs pairwise KO vs Ctrl comparisons and neuron-type interaction effects. Integrates organelle annotations and correlates KO profiles by organelle enrichment. Generates cluster heatmaps, GO term enrichments, and cross-cell-type correlation plots.","SubCellAnnotation.csv; R: R (4.5.2); RStudio (Version 2026.01.1+403), bigstatsr, broom, Cairo, CalNetExploreR, car, circlize, ComplexHeatmap, ComplexUpset, corrplot, cowplot, data.table, devtools, dplyr, factoextra, fmsb, forcats, furrr, ggbiplot, ggdendro, ggdist, gghalves, gghighlight, ggplot2, ggpp, ggpmisc, ggpubr, ggraph, ggrepel, ggsci, ggsignif, ggVennDiagram, grid, gridExtra, igraph, irlba, limma, lintr, lubridate, magick, msstats, NatParksPalettes, org.Hs.eg.db, patchwork, pheatmap, plotly, plyr, png, purrr, qs, RColorBrewer, readr, reshape2, rlang, scales, signal, stringr, superheat, Ternary, tibble, tidyplots, tidyr, tidyverse, timecourse, topGO, umap, UpSetR, uwot, viridis, zoo",diff132,Whole-cell proteome of In vitro differentiated iN and iDA neurons d30 and d50 of control and LSD mutants.,https://massive.ucsd.edu/ProteoSAFe/static/massive.jsp;  MSV000099237,https://github.com/sauerkrausi/neuroLSD
S2B,Proteomics,nDIA-LFQ,"Thermo Fisher Orbitrap Astral, hrMS2",diff132_d50_nDIA.Rmd,,"Module 1: Data Import, QC (Replicate-level)","nDIA-based quantification of whole-cell iN and iDA neurons at day 50. Performs pairwise KO vs Ctrl comparisons and neuron-type interaction effects. Integrates organelle annotations and correlates KO profiles by organelle enrichment. Generates cluster heatmaps, GO term enrichments, and cross-cell-type correlation plots.","SubCellAnnotation.csv; R: R (4.5.2); RStudio (Version 2026.01.1+403), bigstatsr, broom, Cairo, CalNetExploreR, car, circlize, ComplexHeatmap, ComplexUpset, corrplot, cowplot, data.table, devtools, dplyr, factoextra, fmsb, forcats, furrr, ggbiplot, ggdendro, ggdist, gghalves, gghighlight, ggplot2, ggpp, ggpmisc, ggpubr, ggraph, ggrepel, ggsci, ggsignif, ggVennDiagram, grid, gridExtra, igraph, irlba, limma, lintr, lubridate, magick, msstats, NatParksPalettes, org.Hs.eg.db, patchwork, pheatmap, plotly, plyr, png, purrr, qs, RColorBrewer, readr, reshape2, rlang, scales, signal, stringr, superheat, Ternary, tibble, tidyplots, tidyr, tidyverse, timecourse, topGO, umap, UpSetR, uwot, viridis, zoo",diff132,Whole-cell proteome of In vitro differentiated iN and iDA neurons d30 and d50 of control and LSD mutants.,https://massive.ucsd.edu/ProteoSAFe/static/massive.jsp;  MSV000099237,https://github.com/sauerkrausi/neuroLSD
S2C,Proteomics,nDIA-LFQ,"Thermo Fisher Orbitrap Astral, hrMS2",diff132_d50_nDIA.Rmd,,Module 2: Summarized Data & Subcellular Analysis,"nDIA-based quantification of whole-cell iN and iDA neurons at day 50. Performs pairwise KO vs Ctrl comparisons and neuron-type interaction effects. Integrates organelle annotations and correlates KO profiles by organelle enrichment. Generates cluster heatmaps, GO term enrichments, and cross-cell-type correlation plots.","SubCellAnnotation.csv; R: R (4.5.2); RStudio (Version 2026.01.1+403), bigstatsr, broom, Cairo, CalNetExploreR, car, circlize, ComplexHeatmap, ComplexUpset, corrplot, cowplot, data.table, devtools, dplyr, factoextra, fmsb, forcats, furrr, ggbiplot, ggdendro, ggdist, gghalves, gghighlight, ggplot2, ggpp, ggpmisc, ggpubr, ggraph, ggrepel, ggsci, ggsignif, ggVennDiagram, grid, gridExtra, igraph, irlba, limma, lintr, lubridate, magick, msstats, NatParksPalettes, org.Hs.eg.db, patchwork, pheatmap, plotly, plyr, png, purrr, qs, RColorBrewer, readr, reshape2, rlang, scales, signal, stringr, superheat, Ternary, tibble, tidyplots, tidyr, tidyverse, timecourse, topGO, umap, UpSetR, uwot, viridis, zoo",diff132,Whole-cell proteome of In vitro differentiated iN and iDA neurons d30 and d50 of control and LSD mutants.,https://massive.ucsd.edu/ProteoSAFe/static/massive.jsp;  MSV000099237,https://github.com/sauerkrausi/neuroLSD
S2D,Proteomics,nDIA-LFQ,"Thermo Fisher Orbitrap Astral, hrMS2",diff132_d50_nDIA.Rmd,,Module 3: Neuro QC & Synaptic Markers,"nDIA-based quantification of whole-cell iN and iDA neurons at day 50. Performs pairwise KO vs Ctrl comparisons and neuron-type interaction effects. Integrates organelle annotations and correlates KO profiles by organelle enrichment. Generates cluster heatmaps, GO term enrichments, and cross-cell-type correlation plots.","SubCellAnnotation.csv; R: R (4.5.2); RStudio (Version 2026.01.1+403), bigstatsr, broom, Cairo, CalNetExploreR, car, circlize, ComplexHeatmap, ComplexUpset, corrplot, cowplot, data.table, devtools, dplyr, factoextra, fmsb, forcats, furrr, ggbiplot, ggdendro, ggdist, gghalves, gghighlight, ggplot2, ggpp, ggpmisc, ggpubr, ggraph, ggrepel, ggsci, ggsignif, ggVennDiagram, grid, gridExtra, igraph, irlba, limma, lintr, lubridate, magick, msstats, NatParksPalettes, org.Hs.eg.db, patchwork, pheatmap, plotly, plyr, png, purrr, qs, RColorBrewer, readr, reshape2, rlang, scales, signal, stringr, superheat, Ternary, tibble, tidyplots, tidyr, tidyverse, timecourse, topGO, umap, UpSetR, uwot, viridis, zoo",diff132,Whole-cell proteome of In vitro differentiated iN and iDA neurons d30 and d50 of control and LSD mutants.,,https://github.com/sauerkrausi/neuroLSD
S2E,Proteomics,nDIA-LFQ,"Thermo Fisher Orbitrap Astral, hrMS2",diff132_d50_nDIA.Rmd,,Module 3: Neuro QC & Synaptic Markers,"nDIA-based quantification of whole-cell iN and iDA neurons at day 50. Performs pairwise KO vs Ctrl comparisons and neuron-type interaction effects. Integrates organelle annotations and correlates KO profiles by organelle enrichment. Generates cluster heatmaps, GO term enrichments, and cross-cell-type correlation plots.","SubCellAnnotation.csv; R: R (4.5.2); RStudio (Version 2026.01.1+403), bigstatsr, broom, Cairo, CalNetExploreR, car, circlize, ComplexHeatmap, ComplexUpset, corrplot, cowplot, data.table, devtools, dplyr, factoextra, fmsb, forcats, furrr, ggbiplot, ggdendro, ggdist, gghalves, gghighlight, ggplot2, ggpp, ggpmisc, ggpubr, ggraph, ggrepel, ggsci, ggsignif, ggVennDiagram, grid, gridExtra, igraph, irlba, limma, lintr, lubridate, magick, msstats, NatParksPalettes, org.Hs.eg.db, patchwork, pheatmap, plotly, plyr, png, purrr, qs, RColorBrewer, readr, reshape2, rlang, scales, signal, stringr, superheat, Ternary, tibble, tidyplots, tidyr, tidyverse, timecourse, topGO, umap, UpSetR, uwot, viridis, zoo",diff132,Whole-cell proteome of In vitro differentiated iN and iDA neurons d30 and d50 of control and LSD mutants.,,https://github.com/sauerkrausi/neuroLSD
S3A,Proteomics,nDIA-LFQ,"Thermo Fisher Orbitrap Astral, hrMS2",diff132_d50_nDIA.Rmd,,Module 2: Summarized Data & Subcellular Analysis,"nDIA-based quantification of whole-cell iN and iDA neurons at day 50. Performs pairwise KO vs Ctrl comparisons and neuron-type interaction effects. Integrates organelle annotations and correlates KO profiles by organelle enrichment. Generates cluster heatmaps, GO term enrichments, and cross-cell-type correlation plots.","SubCellAnnotation.csv; R: R (4.5.2); RStudio (Version 2026.01.1+403), bigstatsr, broom, Cairo, CalNetExploreR, car, circlize, ComplexHeatmap, ComplexUpset, corrplot, cowplot, data.table, devtools, dplyr, factoextra, fmsb, forcats, furrr, ggbiplot, ggdendro, ggdist, gghalves, gghighlight, ggplot2, ggpp, ggpmisc, ggpubr, ggraph, ggrepel, ggsci, ggsignif, ggVennDiagram, grid, gridExtra, igraph, irlba, limma, lintr, lubridate, magick, msstats, NatParksPalettes, org.Hs.eg.db, patchwork, pheatmap, plotly, plyr, png, purrr, qs, RColorBrewer, readr, reshape2, rlang, scales, signal, stringr, superheat, Ternary, tibble, tidyplots, tidyr, tidyverse, timecourse, topGO, umap, UpSetR, uwot, viridis, zoo",diff132,Whole-cell proteome of In vitro differentiated iN and iDA neurons d30 and d50 of control and LSD mutants.,,https://github.com/sauerkrausi/neuroLSD
S3C,Proteomics,nDIA-LFQ,"Thermo Fisher Orbitrap Astral, hrMS2",diff132_d50_nDIA.Rmd,,Module 2: Summarized Data & Subcellular Analysis,"nDIA-based quantification of whole-cell iN and iDA neurons at day 50. Performs pairwise KO vs Ctrl comparisons and neuron-type interaction effects. Integrates organelle annotations and correlates KO profiles by organelle enrichment. Generates cluster heatmaps, GO term enrichments, and cross-cell-type correlation plots.","SubCellAnnotation.csv; R: R (4.5.2); RStudio (Version 2026.01.1+403), bigstatsr, broom, Cairo, CalNetExploreR, car, circlize, ComplexHeatmap, ComplexUpset, corrplot, cowplot, data.table, devtools, dplyr, factoextra, fmsb, forcats, furrr, ggbiplot, ggdendro, ggdist, gghalves, gghighlight, ggplot2, ggpp, ggpmisc, ggpubr, ggraph, ggrepel, ggsci, ggsignif, ggVennDiagram, grid, gridExtra, igraph, irlba, limma, lintr, lubridate, magick, msstats, NatParksPalettes, org.Hs.eg.db, patchwork, pheatmap, plotly, plyr, png, purrr, qs, RColorBrewer, readr, reshape2, rlang, scales, signal, stringr, superheat, Ternary, tibble, tidyplots, tidyr, tidyverse, timecourse, topGO, umap, UpSetR, uwot, viridis, zoo",diff132,Whole-cell proteome of In vitro differentiated iN and iDA neurons d30 and d50 of control and LSD mutants.,,https://github.com/sauerkrausi/neuroLSD
S3D,Proteomics,nDIA-LFQ,"Thermo Fisher Orbitrap Astral, hrMS2",diff132_d50_nDIA.Rmd,,"Module 1: Data Import, QC (Replicate-level)","nDIA-based quantification of whole-cell iN and iDA neurons at day 50. Performs pairwise KO vs Ctrl comparisons and neuron-type interaction effects. Integrates organelle annotations and correlates KO profiles by organelle enrichment. Generates cluster heatmaps, GO term enrichments, and cross-cell-type correlation plots.","SubCellAnnotation.csv; R: R (4.5.2); RStudio (Version 2026.01.1+403), bigstatsr, broom, Cairo, CalNetExploreR, car, circlize, ComplexHeatmap, ComplexUpset, corrplot, cowplot, data.table, devtools, dplyr, factoextra, fmsb, forcats, furrr, ggbiplot, ggdendro, ggdist, gghalves, gghighlight, ggplot2, ggpp, ggpmisc, ggpubr, ggraph, ggrepel, ggsci, ggsignif, ggVennDiagram, grid, gridExtra, igraph, irlba, limma, lintr, lubridate, magick, msstats, NatParksPalettes, org.Hs.eg.db, patchwork, pheatmap, plotly, plyr, png, purrr, qs, RColorBrewer, readr, reshape2, rlang, scales, signal, stringr, superheat, Ternary, tibble, tidyplots, tidyr, tidyverse, timecourse, topGO, umap, UpSetR, uwot, viridis, zoo",diff132,Whole-cell proteome of In vitro differentiated iN and iDA neurons d30 and d50 of control and LSD mutants.,,https://github.com/sauerkrausi/neuroLSD
S4A,Proteomics,nDIA-LFQ,"Thermo Fisher Orbitrap Astral, hrMS2",diff132_d50_nDIA.Rmd,,Module 11: Master PPI Evidence & Analysis;  Module 1: PPI Database Construction;  Module 2: Baseline PPI Network;  Module 3: Trimer Detection and Validation;  Module 4: Tetramer Detection and Validation;  Module 5: Complex Growing from Trimers and Tetramers;  Module 6: Top-Down vs Bottom-Up Comparison;  Module 7: Complex Network Visualization,"nDIA-based quantification of whole-cell iN and iDA neurons at day 50. Performs pairwise KO vs Ctrl comparisons and neuron-type interaction effects. Integrates organelle annotations and correlates KO profiles by organelle enrichment. Generates cluster heatmaps, GO term enrichments, and cross-cell-type correlation plots.","SubCellAnnotation.csv; R: R (4.5.2); RStudio (Version 2026.01.1+403), bigstatsr, broom, Cairo, CalNetExploreR, car, circlize, ComplexHeatmap, ComplexUpset, corrplot, cowplot, data.table, devtools, dplyr, factoextra, fmsb, forcats, furrr, ggbiplot, ggdendro, ggdist, gghalves, gghighlight, ggplot2, ggpp, ggpmisc, ggpubr, ggraph, ggrepel, ggsci, ggsignif, ggVennDiagram, grid, gridExtra, igraph, irlba, limma, lintr, lubridate, magick, msstats, NatParksPalettes, org.Hs.eg.db, patchwork, pheatmap, plotly, plyr, png, purrr, qs, RColorBrewer, readr, reshape2, rlang, scales, signal, stringr, superheat, Ternary, tibble, tidyplots, tidyr, tidyverse, timecourse, topGO, umap, UpSetR, uwot, viridis, zoo;Predictomes_16kset.csv;9609.tsv;final_predictions_80.tsv",diff132,Whole-cell proteome of In vitro differentiated iN and iDA neurons d30 and d50 of control and LSD mutants.,,https://github.com/sauerkrausi/neuroLSD
S4B,Proteomics,nDIA-LFQ,"Thermo Fisher Orbitrap Astral, hrMS2",diff132_d50_nDIA.Rmd,,Module 11: Master PPI Evidence & Analysis;  Module 1: PPI Database Construction;  Module 2: Baseline PPI Network;  Module 3: Trimer Detection and Validation;  Module 4: Tetramer Detection and Validation;  Module 5: Complex Growing from Trimers and Tetramers;  Module 6: Top-Down vs Bottom-Up Comparison;  Module 7: Complex Network Visualization,"nDIA-based quantification of whole-cell iN and iDA neurons at day 50. Performs pairwise KO vs Ctrl comparisons and neuron-type interaction effects. Integrates organelle annotations and correlates KO profiles by organelle enrichment. Generates cluster heatmaps, GO term enrichments, and cross-cell-type correlation plots.","SubCellAnnotation.csv; R: R (4.5.2); RStudio (Version 2026.01.1+403), bigstatsr, broom, Cairo, CalNetExploreR, car, circlize, ComplexHeatmap, ComplexUpset, corrplot, cowplot, data.table, devtools, dplyr, factoextra, fmsb, forcats, furrr, ggbiplot, ggdendro, ggdist, gghalves, gghighlight, ggplot2, ggpp, ggpmisc, ggpubr, ggraph, ggrepel, ggsci, ggsignif, ggVennDiagram, grid, gridExtra, igraph, irlba, limma, lintr, lubridate, magick, msstats, NatParksPalettes, org.Hs.eg.db, patchwork, pheatmap, plotly, plyr, png, purrr, qs, RColorBrewer, readr, reshape2, rlang, scales, signal, stringr, superheat, Ternary, tibble, tidyplots, tidyr, tidyverse, timecourse, topGO, umap, UpSetR, uwot, viridis, zoo;Predictomes_16kset.csv;9609.tsv;final_predictions_80.tsv",diff132,Whole-cell proteome of In vitro differentiated iN and iDA neurons d30 and d50 of control and LSD mutants.,,https://github.com/sauerkrausi/neuroLSD
S4C,Proteomics,nDIA-LFQ,"Thermo Fisher Orbitrap Astral, hrMS2",diff132_d50_nDIA.Rmd,,Module 11: Master PPI Evidence & Analysis;  Module 1: PPI Database Construction;  Module 2: Baseline PPI Network;  Module 3: Trimer Detection and Validation;  Module 4: Tetramer Detection and Validation;  Module 5: Complex Growing from Trimers and Tetramers;  Module 6: Top-Down vs Bottom-Up Comparison;  Module 7: Complex Network Visualization,"nDIA-based quantification of whole-cell iN and iDA neurons at day 50. Performs pairwise KO vs Ctrl comparisons and neuron-type interaction effects. Integrates organelle annotations and correlates KO profiles by organelle enrichment. Generates cluster heatmaps, GO term enrichments, and cross-cell-type correlation plots.","SubCellAnnotation.csv; R: R (4.5.2); RStudio (Version 2026.01.1+403), bigstatsr, broom, Cairo, CalNetExploreR, car, circlize, ComplexHeatmap, ComplexUpset, corrplot, cowplot, data.table, devtools, dplyr, factoextra, fmsb, forcats, furrr, ggbiplot, ggdendro, ggdist, gghalves, gghighlight, ggplot2, ggpp, ggpmisc, ggpubr, ggraph, ggrepel, ggsci, ggsignif, ggVennDiagram, grid, gridExtra, igraph, irlba, limma, lintr, lubridate, magick, msstats, NatParksPalettes, org.Hs.eg.db, patchwork, pheatmap, plotly, plyr, png, purrr, qs, RColorBrewer, readr, reshape2, rlang, scales, signal, stringr, superheat, Ternary, tibble, tidyplots, tidyr, tidyverse, timecourse, topGO, umap, UpSetR, uwot, viridis, zoo;Predictomes_16kset.csv;9609.tsv;final_predictions_80.tsv",diff132,Whole-cell proteome of In vitro differentiated iN and iDA neurons d30 and d50 of control and LSD mutants.,,https://github.com/sauerkrausi/neuroLSD
S4D,Proteomics,nDIA-LFQ,"Thermo Fisher Orbitrap Astral, hrMS2",diff132_d50_nDIA.Rmd,,Module 11: Master PPI Evidence & Analysis;  Module 1: PPI Database Construction;  Module 2: Baseline PPI Network;  Module 3: Trimer Detection and Validation;  Module 4: Tetramer Detection and Validation;  Module 5: Complex Growing from Trimers and Tetramers;  Module 6: Top-Down vs Bottom-Up Comparison;  Module 7: Complex Network Visualization,"nDIA-based quantification of whole-cell iN and iDA neurons at day 50. Performs pairwise KO vs Ctrl comparisons and neuron-type interaction effects. Integrates organelle annotations and correlates KO profiles by organelle enrichment. Generates cluster heatmaps, GO term enrichments, and cross-cell-type correlation plots.","SubCellAnnotation.csv; R: R (4.5.2); RStudio (Version 2026.01.1+403), bigstatsr, broom, Cairo, CalNetExploreR, car, circlize, ComplexHeatmap, ComplexUpset, corrplot, cowplot, data.table, devtools, dplyr, factoextra, fmsb, forcats, furrr, ggbiplot, ggdendro, ggdist, gghalves, gghighlight, ggplot2, ggpp, ggpmisc, ggpubr, ggraph, ggrepel, ggsci, ggsignif, ggVennDiagram, grid, gridExtra, igraph, irlba, limma, lintr, lubridate, magick, msstats, NatParksPalettes, org.Hs.eg.db, patchwork, pheatmap, plotly, plyr, png, purrr, qs, RColorBrewer, readr, reshape2, rlang, scales, signal, stringr, superheat, Ternary, tibble, tidyplots, tidyr, tidyverse, timecourse, topGO, umap, UpSetR, uwot, viridis, zoo;Predictomes_16kset.csv;9609.tsv;final_predictions_80.tsv",diff132,Whole-cell proteome of In vitro differentiated iN and iDA neurons d30 and d50 of control and LSD mutants.,,https://github.com/sauerkrausi/neuroLSD
S4E,Proteomics,nDIA-LFQ,"Thermo Fisher Orbitrap Astral, hrMS2",diff132_d50_nDIA.Rmd,,Module 11: Master PPI Evidence & Analysis;  Module 1: PPI Database Construction;  Module 2: Baseline PPI Network;  Module 3: Trimer Detection and Validation;  Module 4: Tetramer Detection and Validation;  Module 5: Complex Growing from Trimers and Tetramers;  Module 6: Top-Down vs Bottom-Up Comparison;  Module 7: Complex Network Visualization,"nDIA-based quantification of whole-cell iN and iDA neurons at day 50. Performs pairwise KO vs Ctrl comparisons and neuron-type interaction effects. Integrates organelle annotations and correlates KO profiles by organelle enrichment. Generates cluster heatmaps, GO term enrichments, and cross-cell-type correlation plots.","SubCellAnnotation.csv; R: R (4.5.2); RStudio (Version 2026.01.1+403), bigstatsr, broom, Cairo, CalNetExploreR, car, circlize, ComplexHeatmap, ComplexUpset, corrplot, cowplot, data.table, devtools, dplyr, factoextra, fmsb, forcats, furrr, ggbiplot, ggdendro, ggdist, gghalves, gghighlight, ggplot2, ggpp, ggpmisc, ggpubr, ggraph, ggrepel, ggsci, ggsignif, ggVennDiagram, grid, gridExtra, igraph, irlba, limma, lintr, lubridate, magick, msstats, NatParksPalettes, org.Hs.eg.db, patchwork, pheatmap, plotly, plyr, png, purrr, qs, RColorBrewer, readr, reshape2, rlang, scales, signal, stringr, superheat, Ternary, tibble, tidyplots, tidyr, tidyverse, timecourse, topGO, umap, UpSetR, uwot, viridis, zoo;Predictomes_16kset.csv;9609.tsv;final_predictions_80.tsv",diff132,Whole-cell proteome of In vitro differentiated iN and iDA neurons d30 and d50 of control and LSD mutants.,,https://github.com/sauerkrausi/neuroLSD
S4F,Proteomics,nDIA-LFQ,"Thermo Fisher Orbitrap Astral, hrMS2",diff132_d50_nDIA.Rmd,,Module 11: Master PPI Evidence & Analysis;  Module 1: PPI Database Construction;  Module 2: Baseline PPI Network;  Module 3: Trimer Detection and Validation;  Module 4: Tetramer Detection and Validation;  Module 5: Complex Growing from Trimers and Tetramers;  Module 6: Top-Down vs Bottom-Up Comparison;  Module 7: Complex Network Visualization,"nDIA-based quantification of whole-cell iN and iDA neurons at day 50. Performs pairwise KO vs Ctrl comparisons and neuron-type interaction effects. Integrates organelle annotations and correlates KO profiles by organelle enrichment. Generates cluster heatmaps, GO term enrichments, and cross-cell-type correlation plots.","SubCellAnnotation.csv; R: R (4.5.2); RStudio (Version 2026.01.1+403), bigstatsr, broom, Cairo, CalNetExploreR, car, circlize, ComplexHeatmap, ComplexUpset, corrplot, cowplot, data.table, devtools, dplyr, factoextra, fmsb, forcats, furrr, ggbiplot, ggdendro, ggdist, gghalves, gghighlight, ggplot2, ggpp, ggpmisc, ggpubr, ggraph, ggrepel, ggsci, ggsignif, ggVennDiagram, grid, gridExtra, igraph, irlba, limma, lintr, lubridate, magick, msstats, NatParksPalettes, org.Hs.eg.db, patchwork, pheatmap, plotly, plyr, png, purrr, qs, RColorBrewer, readr, reshape2, rlang, scales, signal, stringr, superheat, Ternary, tibble, tidyplots, tidyr, tidyverse, timecourse, topGO, umap, UpSetR, uwot, viridis, zoo;Predictomes_16kset.csv;9609.tsv;final_predictions_80.tsv",diff132,Whole-cell proteome of In vitro differentiated iN and iDA neurons d30 and d50 of control and LSD mutants.,,https://github.com/sauerkrausi/neuroLSD
S4G,Proteomics,nDIA-LFQ,"Thermo Fisher Orbitrap Astral, hrMS2",diff132_d50_nDIA.Rmd,,Module 11: Master PPI Evidence & Analysis;  Module 1: PPI Database Construction;  Module 2: Baseline PPI Network;  Module 3: Trimer Detection and Validation;  Module 4: Tetramer Detection and Validation;  Module 5: Complex Growing from Trimers and Tetramers;  Module 6: Top-Down vs Bottom-Up Comparison;  Module 7: Complex Network Visualization,"nDIA-based quantification of whole-cell iN and iDA neurons at day 50. Performs pairwise KO vs Ctrl comparisons and neuron-type interaction effects. Integrates organelle annotations and correlates KO profiles by organelle enrichment. Generates cluster heatmaps, GO term enrichments, and cross-cell-type correlation plots.","SubCellAnnotation.csv; R: R (4.5.2); RStudio (Version 2026.01.1+403), bigstatsr, broom, Cairo, CalNetExploreR, car, circlize, ComplexHeatmap, ComplexUpset, corrplot, cowplot, data.table, devtools, dplyr, factoextra, fmsb, forcats, furrr, ggbiplot, ggdendro, ggdist, gghalves, gghighlight, ggplot2, ggpp, ggpmisc, ggpubr, ggraph, ggrepel, ggsci, ggsignif, ggVennDiagram, grid, gridExtra, igraph, irlba, limma, lintr, lubridate, magick, msstats, NatParksPalettes, org.Hs.eg.db, patchwork, pheatmap, plotly, plyr, png, purrr, qs, RColorBrewer, readr, reshape2, rlang, scales, signal, stringr, superheat, Ternary, tibble, tidyplots, tidyr, tidyverse, timecourse, topGO, umap, UpSetR, uwot, viridis, zoo;Predictomes_16kset.csv;9609.tsv;final_predictions_80.tsv",diff132,Whole-cell proteome of In vitro differentiated iN and iDA neurons d30 and d50 of control and LSD mutants.,,https://github.com/sauerkrausi/neuroLSD
S4H,Proteomics,nDIA-LFQ,"Thermo Fisher Orbitrap Astral, hrMS2",diff132_d50_nDIA.Rmd,,Module 11: Master PPI Evidence & Analysis;  Module 1: PPI Database Construction;  Module 2: Baseline PPI Network;  Module 3: Trimer Detection and Validation;  Module 4: Tetramer Detection and Validation;  Module 5: Complex Growing from Trimers and Tetramers;  Module 6: Top-Down vs Bottom-Up Comparison;  Module 7: Complex Network Visualization,"nDIA-based quantification of whole-cell iN and iDA neurons at day 50. Performs pairwise KO vs Ctrl comparisons and neuron-type interaction effects. Integrates organelle annotations and correlates KO profiles by organelle enrichment. Generates cluster heatmaps, GO term enrichments, and cross-cell-type correlation plots.","SubCellAnnotation.csv; R: R (4.5.2); RStudio (Version 2026.01.1+403), bigstatsr, broom, Cairo, CalNetExploreR, car, circlize, ComplexHeatmap, ComplexUpset, corrplot, cowplot, data.table, devtools, dplyr, factoextra, fmsb, forcats, furrr, ggbiplot, ggdendro, ggdist, gghalves, gghighlight, ggplot2, ggpp, ggpmisc, ggpubr, ggraph, ggrepel, ggsci, ggsignif, ggVennDiagram, grid, gridExtra, igraph, irlba, limma, lintr, lubridate, magick, msstats, NatParksPalettes, org.Hs.eg.db, patchwork, pheatmap, plotly, plyr, png, purrr, qs, RColorBrewer, readr, reshape2, rlang, scales, signal, stringr, superheat, Ternary, tibble, tidyplots, tidyr, tidyverse, timecourse, topGO, umap, UpSetR, uwot, viridis, zoo;Predictomes_16kset.csv;9609.tsv;final_predictions_80.tsv",diff132,Whole-cell proteome of In vitro differentiated iN and iDA neurons d30 and d50 of control and LSD mutants.,,https://github.com/sauerkrausi/neuroLSD
S4I,Proteomics,nDIA-LFQ,"Thermo Fisher Orbitrap Astral, hrMS2",diff132_d50_nDIA.Rmd,,Module 11: Master PPI Evidence & Analysis;  Module 1: PPI Database Construction;  Module 2: Baseline PPI Network;  Module 3: Trimer Detection and Validation;  Module 4: Tetramer Detection and Validation;  Module 5: Complex Growing from Trimers and Tetramers;  Module 6: Top-Down vs Bottom-Up Comparison;  Module 7: Complex Network Visualization,"nDIA-based quantification of whole-cell iN and iDA neurons at day 50. Performs pairwise KO vs Ctrl comparisons and neuron-type interaction effects. Integrates organelle annotations and correlates KO profiles by organelle enrichment. Generates cluster heatmaps, GO term enrichments, and cross-cell-type correlation plots.","SubCellAnnotation.csv; R: R (4.5.2); RStudio (Version 2026.01.1+403), bigstatsr, broom, Cairo, CalNetExploreR, car, circlize, ComplexHeatmap, ComplexUpset, corrplot, cowplot, data.table, devtools, dplyr, factoextra, fmsb, forcats, furrr, ggbiplot, ggdendro, ggdist, gghalves, gghighlight, ggplot2, ggpp, ggpmisc, ggpubr, ggraph, ggrepel, ggsci, ggsignif, ggVennDiagram, grid, gridExtra, igraph, irlba, limma, lintr, lubridate, magick, msstats, NatParksPalettes, org.Hs.eg.db, patchwork, pheatmap, plotly, plyr, png, purrr, qs, RColorBrewer, readr, reshape2, rlang, scales, signal, stringr, superheat, Ternary, tibble, tidyplots, tidyr, tidyverse, timecourse, topGO, umap, UpSetR, uwot, viridis, zoo;Predictomes_16kset.csv;9609.tsv;final_predictions_80.tsv",diff132,Whole-cell proteome of In vitro differentiated iN and iDA neurons d30 and d50 of control and LSD mutants.,,https://github.com/sauerkrausi/neuroLSD
S4J,Proteomics,nDIA-LFQ,"Thermo Fisher Orbitrap Astral, hrMS2",diff132_d50_nDIA.Rmd,,Module 11: Master PPI Evidence & Analysis;  Module 1: PPI Database Construction;  Module 2: Baseline PPI Network;  Module 3: Trimer Detection and Validation;  Module 4: Tetramer Detection and Validation;  Module 5: Complex Growing from Trimers and Tetramers;  Module 6: Top-Down vs Bottom-Up Comparison;  Module 7: Complex Network Visualization,"nDIA-based quantification of whole-cell iN and iDA neurons at day 50. Performs pairwise KO vs Ctrl comparisons and neuron-type interaction effects. Integrates organelle annotations and correlates KO profiles by organelle enrichment. Generates cluster heatmaps, GO term enrichments, and cross-cell-type correlation plots.","SubCellAnnotation.csv; R: R (4.5.2); RStudio (Version 2026.01.1+403), bigstatsr, broom, Cairo, CalNetExploreR, car, circlize, ComplexHeatmap, ComplexUpset, corrplot, cowplot, data.table, devtools, dplyr, factoextra, fmsb, forcats, furrr, ggbiplot, ggdendro, ggdist, gghalves, gghighlight, ggplot2, ggpp, ggpmisc, ggpubr, ggraph, ggrepel, ggsci, ggsignif, ggVennDiagram, grid, gridExtra, igraph, irlba, limma, lintr, lubridate, magick, msstats, NatParksPalettes, org.Hs.eg.db, patchwork, pheatmap, plotly, plyr, png, purrr, qs, RColorBrewer, readr, reshape2, rlang, scales, signal, stringr, superheat, Ternary, tibble, tidyplots, tidyr, tidyverse, timecourse, topGO, umap, UpSetR, uwot, viridis, zoo;Predictomes_16kset.csv;9609.tsv;final_predictions_80.tsv",diff132,Whole-cell proteome of In vitro differentiated iN and iDA neurons d30 and d50 of control and LSD mutants.,,https://github.com/sauerkrausi/neuroLSD
S5A,Proteomics,nDIA-LFQ,"Thermo Fisher Orbitrap Astral, hrMS2",diff132_d50_nDIA.Rmd,,Module 11: Master PPI Evidence & Analysis; Module 9: KO Vulnerability Analysis v6 (Significance-Filtered),"nDIA-based quantification of whole-cell iN and iDA neurons at day 50. Performs pairwise KO vs Ctrl comparisons and neuron-type interaction effects. Integrates organelle annotations and correlates KO profiles by organelle enrichment. Generates cluster heatmaps, GO term enrichments, and cross-cell-type correlation plots.","SubCellAnnotation.csv; R: R (4.5.2); RStudio (Version 2026.01.1+403), bigstatsr, broom, Cairo, CalNetExploreR, car, circlize, ComplexHeatmap, ComplexUpset, corrplot, cowplot, data.table, devtools, dplyr, factoextra, fmsb, forcats, furrr, ggbiplot, ggdendro, ggdist, gghalves, gghighlight, ggplot2, ggpp, ggpmisc, ggpubr, ggraph, ggrepel, ggsci, ggsignif, ggVennDiagram, grid, gridExtra, igraph, irlba, limma, lintr, lubridate, magick, msstats, NatParksPalettes, org.Hs.eg.db, patchwork, pheatmap, plotly, plyr, png, purrr, qs, RColorBrewer, readr, reshape2, rlang, scales, signal, stringr, superheat, Ternary, tibble, tidyplots, tidyr, tidyverse, timecourse, topGO, umap, UpSetR, uwot, viridis, zoo;Predictomes_16kset.csv;9609.tsv;final_predictions_80.tsv",diff132,Whole-cell proteome of In vitro differentiated iN and iDA neurons d30 and d50 of control and LSD mutants.,,https://github.com/sauerkrausi/neuroLSD
S5B,Proteomics,nDIA-LFQ,"Thermo Fisher Orbitrap Astral, hrMS2",diff132_d50_nDIA.Rmd,,Module 11: Master PPI Evidence & Analysis; Module 9: KO Vulnerability Analysis v6 (Significance-Filtered),"nDIA-based quantification of whole-cell iN and iDA neurons at day 50. Performs pairwise KO vs Ctrl comparisons and neuron-type interaction effects. Integrates organelle annotations and correlates KO profiles by organelle enrichment. Generates cluster heatmaps, GO term enrichments, and cross-cell-type correlation plots.","SubCellAnnotation.csv; R: R (4.5.2); RStudio (Version 2026.01.1+403), bigstatsr, broom, Cairo, CalNetExploreR, car, circlize, ComplexHeatmap, ComplexUpset, corrplot, cowplot, data.table, devtools, dplyr, factoextra, fmsb, forcats, furrr, ggbiplot, ggdendro, ggdist, gghalves, gghighlight, ggplot2, ggpp, ggpmisc, ggpubr, ggraph, ggrepel, ggsci, ggsignif, ggVennDiagram, grid, gridExtra, igraph, irlba, limma, lintr, lubridate, magick, msstats, NatParksPalettes, org.Hs.eg.db, patchwork, pheatmap, plotly, plyr, png, purrr, qs, RColorBrewer, readr, reshape2, rlang, scales, signal, stringr, superheat, Ternary, tibble, tidyplots, tidyr, tidyverse, timecourse, topGO, umap, UpSetR, uwot, viridis, zoo;Predictomes_16kset.csv;9609.tsv;final_predictions_80.tsv",diff132,Whole-cell proteome of In vitro differentiated iN and iDA neurons d30 and d50 of control and LSD mutants.,,https://github.com/sauerkrausi/neuroLSD
S5C,Proteomics,nDIA-LFQ,"Thermo Fisher Orbitrap Astral, hrMS2",diff132_d50_nDIA.Rmd,,Module 11: Master PPI Evidence & Analysis; Module 9: KO Vulnerability Analysis v6 (Significance-Filtered),"nDIA-based quantification of whole-cell iN and iDA neurons at day 50. Performs pairwise KO vs Ctrl comparisons and neuron-type interaction effects. Integrates organelle annotations and correlates KO profiles by organelle enrichment. Generates cluster heatmaps, GO term enrichments, and cross-cell-type correlation plots.","SubCellAnnotation.csv; R: R (4.5.2); RStudio (Version 2026.01.1+403), bigstatsr, broom, Cairo, CalNetExploreR, car, circlize, ComplexHeatmap, ComplexUpset, corrplot, cowplot, data.table, devtools, dplyr, factoextra, fmsb, forcats, furrr, ggbiplot, ggdendro, ggdist, gghalves, gghighlight, ggplot2, ggpp, ggpmisc, ggpubr, ggraph, ggrepel, ggsci, ggsignif, ggVennDiagram, grid, gridExtra, igraph, irlba, limma, lintr, lubridate, magick, msstats, NatParksPalettes, org.Hs.eg.db, patchwork, pheatmap, plotly, plyr, png, purrr, qs, RColorBrewer, readr, reshape2, rlang, scales, signal, stringr, superheat, Ternary, tibble, tidyplots, tidyr, tidyverse, timecourse, topGO, umap, UpSetR, uwot, viridis, zoo;Predictomes_16kset.csv;9609.tsv;final_predictions_80.tsv",diff132,Whole-cell proteome of In vitro differentiated iN and iDA neurons d30 and d50 of control and LSD mutants.,,https://github.com/sauerkrausi/neuroLSD
S5D,Proteomics,nDIA-LFQ,"Thermo Fisher Orbitrap Astral, hrMS2",diff132_d50_nDIA.Rmd,,Module 11: Master PPI Evidence & Analysis; Module 9: KO Vulnerability Analysis v6 (Significance-Filtered),"nDIA-based quantification of whole-cell iN and iDA neurons at day 50. Performs pairwise KO vs Ctrl comparisons and neuron-type interaction effects. Integrates organelle annotations and correlates KO profiles by organelle enrichment. Generates cluster heatmaps, GO term enrichments, and cross-cell-type correlation plots.","SubCellAnnotation.csv; R: R (4.5.2); RStudio (Version 2026.01.1+403), bigstatsr, broom, Cairo, CalNetExploreR, car, circlize, ComplexHeatmap, ComplexUpset, corrplot, cowplot, data.table, devtools, dplyr, factoextra, fmsb, forcats, furrr, ggbiplot, ggdendro, ggdist, gghalves, gghighlight, ggplot2, ggpp, ggpmisc, ggpubr, ggraph, ggrepel, ggsci, ggsignif, ggVennDiagram, grid, gridExtra, igraph, irlba, limma, lintr, lubridate, magick, msstats, NatParksPalettes, org.Hs.eg.db, patchwork, pheatmap, plotly, plyr, png, purrr, qs, RColorBrewer, readr, reshape2, rlang, scales, signal, stringr, superheat, Ternary, tibble, tidyplots, tidyr, tidyverse, timecourse, topGO, umap, UpSetR, uwot, viridis, zoo;Predictomes_16kset.csv;9609.tsv;final_predictions_80.tsv",diff132,Whole-cell proteome of In vitro differentiated iN and iDA neurons d30 and d50 of control and LSD mutants.,,https://github.com/sauerkrausi/neuroLSD
S5E,Proteomics,nDIA-LFQ,"Thermo Fisher Orbitrap Astral, hrMS2",diff132_d50_nDIA.Rmd,,Module 11: Master PPI Evidence & Analysis; Module 9: KO Vulnerability Analysis v6 (Significance-Filtered),"nDIA-based quantification of whole-cell iN and iDA neurons at day 50. Performs pairwise KO vs Ctrl comparisons and neuron-type interaction effects. Integrates organelle annotations and correlates KO profiles by organelle enrichment. Generates cluster heatmaps, GO term enrichments, and cross-cell-type correlation plots.","SubCellAnnotation.csv; R: R (4.5.2); RStudio (Version 2026.01.1+403), bigstatsr, broom, Cairo, CalNetExploreR, car, circlize, ComplexHeatmap, ComplexUpset, corrplot, cowplot, data.table, devtools, dplyr, factoextra, fmsb, forcats, furrr, ggbiplot, ggdendro, ggdist, gghalves, gghighlight, ggplot2, ggpp, ggpmisc, ggpubr, ggraph, ggrepel, ggsci, ggsignif, ggVennDiagram, grid, gridExtra, igraph, irlba, limma, lintr, lubridate, magick, msstats, NatParksPalettes, org.Hs.eg.db, patchwork, pheatmap, plotly, plyr, png, purrr, qs, RColorBrewer, readr, reshape2, rlang, scales, signal, stringr, superheat, Ternary, tibble, tidyplots, tidyr, tidyverse, timecourse, topGO, umap, UpSetR, uwot, viridis, zoo;Predictomes_16kset.csv;9609.tsv;final_predictions_80.tsv",diff132,Whole-cell proteome of In vitro differentiated iN and iDA neurons d30 and d50 of control and LSD mutants.,,https://github.com/sauerkrausi/neuroLSD
S6A,Microscopy,Electron Microscopy,Tecnai G2 Spirit BioTWIN,,,,,,,Day 50 in vitro differentiated iN and iDA neurons from control and LSD KO stem cells. Grown in matrigel coated aclar coverslips. ,,
S6B,Microscopy,Spinning-disk Microscopy,"Yokogawa CSU-X1 spinning disk confocal mounted on a Nikon Eclipse Ti2-E motorized microscope equipped with a Tokai Hit stage-top incubator. Conditions maintained at 37 °C, 5% CO₂, and 95% humidity. Nikon Plan Apo 60×/1.40 N.A. immersion oil objective lens. Fluorophores sequentially excited with a Nikon LUN-F XL solid-state laser combiner (405 nm – 80 mW, 488 nm – 80 mW, 561 nm – 65 mW, 640 nm – 60 mW) with a Semrock Di01-T405/488/568/647 dichroic mirror. Emissions collected through Chroma ET455/50m [405 nm], ET525/36m [488 nm], ET605/52m [561 nm], ET700/75m [640 nm] filters. Hamamatsu ORCA-Fusion BT CMOS camera (6.5 µm² photodiode, 16-bit) and NIS-Elements software.",,,,,,,"In vitro differentiated iDA neurons at day 38 stained for tubulin (Alexa647), Bassoon (Alexa488) and SYP (Alexa568).",,
S6C,Microscopy,Image Analysis,N/A,run_cellpose_calcium_remoteHDD.py,neuroLSD_CalciumMaster.Rmd,,"Segment neuronal soma in grayscale calcium imaging stacks (.tiff or .nd2) using Cellpose-SAM with a custom cpsam model. Supports batch mode with automated ROI mask generation and QC overlays. Saves masks, overlays, and log files for quality control.","R: R, RStudio; tidyverse, zoo, reshape2, pheatmap, ggdendro, viridis, RColorBrewer, NatParksPalettes, tidyplots, ggpubr, ggsignif, Cairo, patchwork, cowplot, gridExtra, grid, rlang, igraph, ggraph, CalNetExploreR, dplyr Python: cellpose, nd2, matplotlib, tifffile, numpy, pathlib, tqdm, pandas, torch, skimage",,Evaluation pipeline in python and R of live-cell recordings for Calcium measurements.,,https://github.com/sauerkrausi/neuroLSD
S6D,Microscopy,Image Analysis,N/A,run_cellpose_calcium_remoteHDD.py,neuroLSD_CalciumMaster.Rmd,,"Segment neuronal soma in grayscale calcium imaging stacks (.tiff or .nd2) using Cellpose-SAM with a custom cpsam model. Supports batch mode with automated ROI mask generation and QC overlays. Saves masks, overlays, and log files for quality control.","R: R, RStudio; tidyverse, zoo, reshape2, pheatmap, ggdendro, viridis, RColorBrewer, NatParksPalettes, tidyplots, ggpubr, ggsignif, Cairo, patchwork, cowplot, gridExtra, grid, rlang, igraph, ggraph, CalNetExploreR, dplyr Python: cellpose, nd2, matplotlib, tifffile, numpy, pathlib, tqdm, pandas, torch, skimage",,"Evaluation of live-cell recordings (1000 frames, 10fps) of iN and iDA neurons at indicated times of in vitro differentiation, stained with Fluo4-AM for calcium imaging. Imaged on ibidi 8well glass bottom dishes.",,https://github.com/sauerkrausi/neuroLSD
S6E,Microscopy,Image Analysis,N/A,run_cellpose_calcium_remoteHDD.py,neuroLSD_CalciumMaster.Rmd,,"Segment neuronal soma in grayscale calcium imaging stacks (.tiff or .nd2) using Cellpose-SAM with a custom cpsam model. Supports batch mode with automated ROI mask generation and QC overlays. Saves masks, overlays, and log files for quality control.","R: R, RStudio; tidyverse, zoo, reshape2, pheatmap, ggdendro, viridis, RColorBrewer, NatParksPalettes, tidyplots, ggpubr, ggsignif, Cairo, patchwork, cowplot, gridExtra, grid, rlang, igraph, ggraph, CalNetExploreR, dplyr Python: cellpose, nd2, matplotlib, tifffile, numpy, pathlib, tqdm, pandas, torch, skimage",,"Evaluation of live-cell recordings (1000 frames, 10fps) of iN and iDA neurons at indicated times of in vitro differentiation, stained with Fluo4-AM for calcium imaging. Imaged on ibidi 8well glass bottom dishes.",,https://github.com/sauerkrausi/neuroLSD
S6F,Microscopy,Image Analysis,N/A,run_cellpose_calcium_remoteHDD.py,neuroLSD_CalciumMaster.Rmd,,"Segment neuronal soma in grayscale calcium imaging stacks (.tiff or .nd2) using Cellpose-SAM with a custom cpsam model. Supports batch mode with automated ROI mask generation and QC overlays. Saves masks, overlays, and log files for quality control.","R: R, RStudio; tidyverse, zoo, reshape2, pheatmap, ggdendro, viridis, RColorBrewer, NatParksPalettes, tidyplots, ggpubr, ggsignif, Cairo, patchwork, cowplot, gridExtra, grid, rlang, igraph, ggraph, CalNetExploreR, dplyr Python: cellpose, nd2, matplotlib, tifffile, numpy, pathlib, tqdm, pandas, torch, skimage",,"Evaluation of live-cell recordings (1000 frames, 10fps) of iN and iDA neurons at indicated times of in vitro differentiation, stained with Fluo4-AM for calcium imaging. Imaged on ibidi 8well glass bottom dishes.",,https://github.com/sauerkrausi/neuroLSD
S7C,Proteomics,TMT-pro,"Thermo Fisher Orbitrap Eclipse Lumos Tribrid, FAIMS-hrMS2",HeLa_Ctrl-ASAH1_LysoIP.Rmd,,,"Lysosome-enriched fraction proteomics from HeLa Ctrl vs ASAH1-/-. Focus on lysosomal hydrolase abundance, lysosomal-endosomal pathway components, and autophagy markers. Includes cluster-based heatmaps, scaled violin plots, and annotation-wise log2FC summaries.","SubCellAnnotation.csv; R:R, RStudio; plyr, stringr, tidyverse, dplyr, tibble, purrr, rlang, readr, ggrepel, scales, NatParksPalettes, viridis, RColorBrewer, ggVennDiagram, pheatmap, gplots, png, plotly, patchwork, cowplot, gridExtra, grid, data.table, tidyplots, gptstudio, devtools, Cairo, topGO, org.Hs.eg.db, clusterProfiler, ggplot2, ggdist, gghalves",,"TMTpro of LysoIP samples from Hela untagged, TMEM192-3xHA Control and ASAH1-/- cells in triplicates.",ProteomeXchange; PXD067219,https://github.com/sauerkrausi/neuroLSD
S7D,Proteomics,TMT-pro,"Thermo Fisher Orbitrap Eclipse Lumos Tribrid, FAIMS-hrMS2",HeLa_Ctrl-ASAH1_LysoIP.Rmd,,,"Lysosome-enriched fraction proteomics from HeLa Ctrl vs ASAH1-/-. Focus on lysosomal hydrolase abundance, lysosomal-endosomal pathway components, and autophagy markers. Includes cluster-based heatmaps, scaled violin plots, and annotation-wise log2FC summaries.","SubCellAnnotation.csv; R:R, RStudio; plyr, stringr, tidyverse, dplyr, tibble, purrr, rlang, readr, ggrepel, scales, NatParksPalettes, viridis, RColorBrewer, ggVennDiagram, pheatmap, gplots, png, plotly, patchwork, cowplot, gridExtra, grid, data.table, tidyplots, gptstudio, devtools, Cairo, topGO, org.Hs.eg.db, clusterProfiler, ggplot2, ggdist, gghalves",,"TMTpro of LysoIP samples from Hela untagged, TMEM192-3xHA Control and ASAH1-/- cells in triplicates.",ProteomeXchange; PXD067219,https://github.com/sauerkrausi/neuroLSD
S7E,Lipidomics,label-free lipidomics,Thermo Fisher OE240 Exactive Orbitrap MS ,Lipidomics_HeLa_iN-diff133_ASAH1-WC-OrganellIeIP.Rmd,,,,"R:R, RStudio; tidyverse, plyr, dplyr, data.table, broom, rlang, ggplot2, ggrepel, ggpubr, ggpmisc, cowplot, patchwork, scales, gghighlight, superheat, ggVennDiagram, UpSetR, ComplexUpset, pheatmap, RColorBrewer, circlize, magick, viridis, NatParksPalettes, limma, ggbiplot, plotly, grid, gridExtra, Cairo, devtools, lintr",,"Lipidomics of LysoIP samples from Hela untagged, TMEM192-3xHA Control and ASAH1-/- cells in triplicates.",Metabolomics Workbench; Study ID ST004217; http://dx.doi.org/10.21228/M8Z556. ,
S7F,Lipidomics,label-free lipidomics,Thermo Fisher OE240 Exactive Orbitrap MS ,Lipidomics_HeLa_iN-diff133_ASAH1-WC-OrganellIeIP.Rmd,,,,"R:R, RStudio; tidyverse, plyr, dplyr, data.table, broom, rlang, ggplot2, ggrepel, ggpubr, ggpmisc, cowplot, patchwork, scales, gghighlight, superheat, ggVennDiagram, UpSetR, ComplexUpset, pheatmap, RColorBrewer, circlize, magick, viridis, NatParksPalettes, limma, ggbiplot, plotly, grid, gridExtra, Cairo, devtools, lintr",,"Lipidomics of LysoIP samples from Hela untagged, TMEM192-3xHA Control and ASAH1-/- cells in triplicates.",Metabolomics Workbench; Study ID ST004217; http://dx.doi.org/10.21228/M8Z556. ,
S8A,Microscopy,cryo-Electron Tomography,Thermo Fisher Krios G4,,,,,,,CryoET images of HeLa Control cells.,EMD-55210,
S8B,Microscopy,cryo-Electron Tomography,Thermo Fisher Krios G4,,,,,,,CryoET images of HeLa ASAH1-/- cells.,EMD-55211,
Dataset S1 - Tab 1,Datatable,LSD-Genetic-changes,,,,,,"Fig. 1A; SI Appendix Fig. S1B,D,E,F,G,H",Dataset S1.xlsx,LSD-Genetic-changes; MiSeq NGS sequencing results of stem cells,,
Dataset S1 - Tab 2,Datatable,Protein Subcellular annotations,,,,,,"Fig. 1B,C,D,E; SI Appendix Fig. S1C",Dataset S1.xlsx,Protein Subcellular annotations; detailed subcellular protein annotations and localizations used in the study,,
Dataset S2 - Tab 1,Datatable,nDIA_d50,,,,,,"Fig. 1B-F; Fig. 2A-F; Fig. 3A-E; Fig. 4A-H; SI Appendix Fig. S1C,D,F-M; SI Appendix Fig. S2A,C,D;  SI Appendix Fig. S3 A-J;  SI Appendix Fig. S4A-E; ",Dataset S2.xlsx,nDIA_d50; log2fc of iN and iDA LSD mutants day 50 (compared to Control in same neuron type),,
Dataset S3 - Tab 1,Datatable,nDIA_d30,,,,,,"SI Appendix Fig. S1E,G,K",Dataset S3.xlsx,"nDIA_d30; log2fc of iN and iDA LSD mutants day 30 (compared to Control in same neuron type), for selected LSD mutants only",,
Dataset S4 - Tab 1,Datatable,master_ppi_v3,,,,,,Fig. 4A-H; SI Appendix Fig. S3A-J,Dataset S4.xlsx,master_ppi_v3; PPI database of all protein interaction inputs for this study,,
Dataset S4 - Tab 2,Datatable,baseline_ppi_v3_tier1,,,,,,Fig. 4A-H; SI Appendix Fig. S3A-J,Dataset S4.xlsx,baseline_ppi_v3_tier1; Neuronal baseline PPIs used for study. Based on neuronal proteome of Control iN and iDA neurons,,
Dataset S4 - Tab 3,Datatable,complex_evidence,,,,,,Fig. 4A-H; SI Appendix Fig. S3A-J,Dataset S4.xlsx,complex_evidence; Baseline complex assembly in control iN and iDA neurons,,
Dataset S4 - Tab 4,Datatable,complex_ko_states,,,,,,Fig. 4G-H; SI Appendix Fig. S4A-E,Dataset S4.xlsx,complex_ko_states; Complex vulnerability of LSD KOs,,
Dataset S5 - Tab 1,Datatable,TMT-Reporter Assignment,,,,,,SI Appendix Fig. S6B-D,Dataset S5.xlsx,"TMT-Reporter Assignment; Reporter assignment of multiplexed lysoIP from HeLa untagged, Control and ASAH1-/- (first 9 channels of 18plex used). Also contains name of raw files deposited on ProteomeExchange",,
Dataset S5 - Tab 2,Datatable,HeLaLysoIP_Control_ASAH1,,,,,,SI Appendix Fig. S6B-D,Dataset S5.xlsx,"HeLaLysoIP_Control_ASAH1; MSstats result of HeLa untagged, Control and ASAH1-/- lysoIP. Contains log2FC, statistical tests and heatmap cluster numbering",,
Dataset S6 - Tab 1,Datatable,HeLa_wholecell_lipidomics,,,,,,"SI Appendix Fig. S6B,E,F",Dataset S6.xlsx,"HeLa_wholecell_lipidomics; Results of whole cell HeLa lipidomics of untagged, Control and ASAH1-/-. Lipid ID, raw values, log2FC and p-value are listed.",,
Dataset S6 - Tab 2,Datatable,HeLa_LysoIP_lipidomics,,,,,,"SI Appendix Fig. S6B,E,F",Dataset S6.xlsx,"HeLa_LysoIP_lipidomics; Results of lyso-IP HeLa lipidomics of untagged, Control and ASAH1-/-. Lipid ID, raw values, log2FC and p-value are listed.",,
Dataset S7 - Tab 1,Datatable,Key_Resources_Reformatted_v3,,,,,,,Dataset S7.xlsx,Key resource table associated with study with sources and identifiers information.,,
